casino_name,website_url,accepted_crypto,bonus_percentage,bonus_max_amount_in_euro,max_bonus_value,free_spins,bonus_type,logo_path,player_rating,casino_rating,pros_path,cons_path,review_path
Bitkingz Casino,https://www.bitkingz.com/,"₿, Ƀ, Ð, Ξ, Ł, ✕, ₮",150%,€150.0,€225,150,Other,casino_logos/bitkingz_casino.webp,9.2,9.4,pros/bitkingz_casino.txt,cons/bitkingz_casino.txt,review/bitkingz_casino.txt
Tsars Casino,https://www.tsars.com/,"₳, ℬ, ₿, Ƀ, Ð, Ξ, Ł, ✕, τ, ₮, ₵",100%,€300.0,€300,100,1st Deposit Bonus,casino_logos/tsars_casino.webp,9.2,9.4,pros/tsars_casino.txt,cons/tsars_casino.txt,review/tsars_casino.txt
CrocoSlots Casino,https://www.crocoslots.com/,"₿, Ƀ, Ð, Ξ, Ł, ✕, ₮",100%,€1000.0,€1000,100,1st Deposit Bonus,casino_logos/crocoslots_casino.webp,9.1,9.4,pros/crocoslots_casino.txt,cons/crocoslots_casino.txt,review/crocoslots_casino.txt
Impressario Casino,https://www.impressariocasino.com/,"₳, ℬ, ₿, Ƀ, Ð, Ξ, Ł, ✕, τ, ₮, ₵",100%,-,-,100,Welcome Bonus,casino_logos/impressario_casino.webp,8.9,9.0,pros/impressario_casino.txt,cons/impressario_casino.txt,review/impressario_casino.txt
Run4Win Casino,https://www.run4win.com,ℬ,100%,-,-,100,1st Deposit Bonus,casino_logos/run4win_casino.webp,9.7,9.3,pros/run4win_casino.txt,cons/run4win_casino.txt,review/run4win_casino.txt
Oshi Casino,https://oshi.io,"₳, ℬ, ₿, Ƀ, Ð, Ξ, Ł, ✕, τ, ₮",200%,€200.0,€400,100,1st Deposit Bonus,casino_logos/oshi_casino.webp,9.1,9.3,pros/oshi_casino.txt,cons/oshi_casino.txt,review/oshi_casino.txt
Boho Casino,https://www.bohocasino.com/,"₿, Ƀ, Ð, Ξ, Ł, ✕, ₮",100%,€500.0,€500,100,1st Deposit Bonus,casino_logos/boho_casino.webp,9.2,9.2,pros/boho_casino.txt,cons/boho_casino.txt,review/boho_casino.txt
Flappy Casino,https://flappycasino.com,"ℬ, ₿, Ð, Ξ, Ł, ✕, ₮",100%,€500.0,€500,50,1st Deposit Bonus,casino_logos/flappy_casino.webp,9.3,9.2,pros/flappy_casino.txt,cons/flappy_casino.txt,review/flappy_casino.txt
Casoo Casino,https://www.casoo.com,"₿, Ξ, Ł, τ, ₮",100%,€300.0,€300,100,1st Deposit Bonus,casino_logos/casoo_casino.webp,9.4,9.2,pros/casoo_casino.txt,cons/casoo_casino.txt,review/casoo_casino.txt
Gamblezen Casino,https://gamblezen.com/,₿,225%,€500.0,€1125,110,Other,casino_logos/gamblezen_casino.webp,9.8,9.3,pros/gamblezen_casino.txt,cons/gamblezen_casino.txt,review/gamblezen_casino.txt
Del Oro Casino,https://delorocasino.com/,"₳, ℬ, ₿, Ƀ, Ð, Ξ, Ł, ✕, τ, ₮",150%,€1500.0,€2250,0,1st Deposit Bonus,casino_logos/del_oro_casino.webp,9.5,9.2,pros/del_oro_casino.txt,cons/del_oro_casino.txt,review/del_oro_casino.txt
Slots Gallery Casino,http://slotsgallery.com,"₿, Ƀ, Ð, Ξ, Ł, ✕, ₮",100%,€5000.0,€5000,100,Welcome Bonus,casino_logos/slots_gallery_casino.webp,9.3,9.2,pros/slots_gallery_casino.txt,cons/slots_gallery_casino.txt,review/slots_gallery_casino.txt
LevelUp Casino,https://www.levelupcasino.com/,"₿, Ƀ, Ð, Ξ, Ł, ₮",100%,€20000.0,€20000,100,Welcome Bonus,casino_logos/levelup_casino.webp,9.1,9.1,pros/levelup_casino.txt,cons/levelup_casino.txt,review/levelup_casino.txt
RocketPlay Casino,https://rocketplay.com/,"₿, Ƀ, Ð, Ξ, Ł, ₮",100%,€1000.0,€1000,100,1st Deposit Bonus,casino_logos/rocketplay_casino.webp,8.8,9.1,pros/rocketplay_casino.txt,cons/rocketplay_casino.txt,review/rocketplay_casino.txt
Syndicate Casino,https://syndicatecasino.club,"₿, Ƀ, Ð, Ξ, Ł",125%,€375.0,€469,200,1st Deposit Bonus,casino_logos/syndicate_casino.webp,8.9,9.1,pros/syndicate_casino.txt,cons/syndicate_casino.txt,review/syndicate_casino.txt
SpinsBro Casino,https://spinsbro.com,"₿, Ð, Ξ, Ł, τ, ₮",120%,€500.0,€600,120,Other,casino_logos/spinsbro_casino.webp,9.3,9.1,pros/spinsbro_casino.txt,cons/spinsbro_casino.txt,review/spinsbro_casino.txt
Axecasino,https://www.axecasino.com/,"₳, ℬ, ₿, Ƀ, Ð, Ξ, Ł, ✕, τ, ₮, ₵",100%,€10000.0,€10000,50,1st Deposit Bonus,casino_logos/axecasino.webp,9.3,9.1,pros/axecasino.txt,cons/axecasino.txt,review/axecasino.txt
Playfina Casino,https://www.playfina.com,"₳, ℬ, ₿, Ƀ, Ð, Ξ, Ł, ✕, τ, ₮",100%,€310.0,€310,100,1st Deposit Bonus,casino_logos/playfina_casino.webp,9.7,9.1,pros/playfina_casino.txt,cons/playfina_casino.txt,review/playfina_casino.txt
King Billy Casino,https://www.kingbillycasino.com/,"₿, Ξ, Ł, ₮",100%,€5000.0,€5000,100,1st Deposit Bonus,casino_logos/king_billy_casino.webp,8.7,9.1,pros/king_billy_casino.txt,cons/king_billy_casino.txt,review/king_billy_casino.txt
Betsofa Casino,https://www.betsofa.com/,"₳, ℬ, ₿, Ƀ, Ð, Ξ, Ł, ✕, τ, ₮, ₵",120%,€1000.0,€1200,120,Other,casino_logos/betsofa_casino.webp,9.3,8.9,pros/betsofa_casino.txt,cons/betsofa_casino.txt,review/betsofa_casino.txt
Lucky Hunter Casino,https://www.luckyhunter.com,"₳, ℬ, ₿, Ƀ, Ð, Ξ, Ł, τ, ₮",100%,€4000.0,€4000,244,1st Deposit Bonus,casino_logos/lucky_hunter_casino.webp,9.5,9.0,pros/lucky_hunter_casino.txt,cons/lucky_hunter_casino.txt,review/lucky_hunter_casino.txt
Windetta Casino,https://windetta.com,₿,125%,€500.0,€625,0,1st Deposit Bonus,casino_logos/windetta_casino.webp,9.7,9.0,pros/windetta_casino.txt,cons/windetta_casino.txt,review/windetta_casino.txt
SlotVibe Casino,https://www.slotvibe.com,"₳, ℬ, ₿, Ƀ, Ð, Ξ, Ł, ✕, τ, ₮",100%,€500.0,€500,0,1st Deposit Bonus,casino_logos/slotvibe_casino.webp,8.8,8.9,pros/slotvibe_casino.txt,cons/slotvibe_casino.txt,review/slotvibe_casino.txt
WinLegends Casino,https://winlegends.com,₿,100%,€5700.0,€5700,0,1st Deposit Bonus,casino_logos/winlegends_casino.webp,9.6,8.9,pros/winlegends_casino.txt,cons/winlegends_casino.txt,review/winlegends_casino.txt
CosmicSlot Casino,https://cosmicslot.com/,"₿, Ð, Ξ, Ł, τ, ₮",125%,€500.0,€625,100,Other,casino_logos/cosmicslot_casino.webp,9.2,8.9,pros/cosmicslot_casino.txt,cons/cosmicslot_casino.txt,review/cosmicslot_casino.txt
WinSpirit Casino,https://winspirit.com,₿,100%,€200.0,€200,100,1st Deposit Bonus,casino_logos/winspirit_casino.webp,8.9,8.9,pros/winspirit_casino.txt,cons/winspirit_casino.txt,review/winspirit_casino.txt
N1Bet Casino,https://casino.n1bet.com,"₿, Ƀ, Ð, Ξ, Ł",100%,€10.0,€10,150,1st Deposit Bonus,casino_logos/n1bet_casino.webp,9.5,8.9,pros/n1bet_casino.txt,cons/n1bet_casino.txt,review/n1bet_casino.txt
Asino Casino,https://www.asino.com/,"₳, ℬ, ₿, Ƀ, Ð, Ξ, Ł, ✕, τ, ₮",100%,€300.0,€300,100,1st Deposit Bonus,casino_logos/asino_casino.webp,10.0,9.0,pros/asino_casino.txt,cons/asino_casino.txt,review/asino_casino.txt
Spirit Casino,https://www.spiritcasino.com/,"₳, ℬ, ₿, Ƀ, Ð, Ξ, Ł, τ, ₮, ₵",100%,€2000.0,€2000,200,Other,casino_logos/spirit_casino.webp,9.5,8.4,pros/spirit_casino.txt,cons/spirit_casino.txt,review/spirit_casino.txt
Stelario Casino,https://stelario.com/en/,₿,100%,€300.0,€300,100,Other,casino_logos/stelario_casino.webp,9.4,8.7,pros/stelario_casino.txt,cons/stelario_casino.txt,review/stelario_casino.txt
Weiss Casino,https://weiss.bet,"₳, ℬ, ₿, Ƀ, Ð, Ξ, Ł, ✕, τ, ₮, ₵",150%,€1000.0,€1500,100,Other,casino_logos/weiss_casino.webp,9.6,8.7,pros/weiss_casino.txt,cons/weiss_casino.txt,review/weiss_casino.txt
Casino Orca,https://www.casinoorca.com/,"ℬ, ₿, Ξ, Ł, ɱ, ✕, τ, ₮",100%,€500.0,€500,0,Welcome Bonus,casino_logos/casino_orca.webp,8.6,8.4,pros/casino_orca.txt,cons/casino_orca.txt,review/casino_orca.txt
RollXO Casino,https://www.rollxo.com/,"₳, ℬ, ₿, Ƀ, Ð, Ξ, Ł, τ, ₮",100%,€200.0,€200,200,1st Deposit Bonus,casino_logos/rollxo_casino.webp,10.0,8.8,pros/rollxo_casino.txt,cons/rollxo_casino.txt,review/rollxo_casino.txt
TonyBet Casino,http://tonybet.com,"₿, Ξ, Ł, ✕, ₮",100%,€120.0,€120,120,1st Deposit Bonus,casino_logos/tonybet_casino.webp,7.6,8.7,pros/tonybet_casino.txt,cons/tonybet_casino.txt,review/tonybet_casino.txt
SpinBetter Casino,https://spinbetter.com,"₿, Ƀ, Ð, Ξ, Ł, ɱ, τ, ₮",100%,€300.0,€300,30,1st Deposit Bonus,casino_logos/spinbetter_casino.webp,9.1,8.0,pros/spinbetter_casino.txt,cons/spinbetter_casino.txt,review/spinbetter_casino.txt
KatsuBet Casino,https://www.katsubet.com/,"₿, Ƀ, Ð, Ξ, Ł, ₮",-,-,-,30,Other,casino_logos/katsubet_casino.webp,8.8,8.6,pros/katsubet_casino.txt,cons/katsubet_casino.txt,review/katsubet_casino.txt
SlotBox Casino,https://www.slotbox.com/,"₿, Ƀ, Ξ, Ł, ✕",100%,€100.0,€100,100,1st Deposit Bonus,casino_logos/slotbox_casino.webp,8.5,8.6,pros/slotbox_casino.txt,cons/slotbox_casino.txt,review/slotbox_casino.txt
Fresh Casino,https://fresh.casino/en,₿,100%,€300.0,€300,0,1st Deposit Bonus,casino_logos/fresh_casino.webp,9.5,8.5,pros/fresh_casino.txt,cons/fresh_casino.txt,review/fresh_casino.txt
Royal Stars Casino,https://www.royalstarscasino.com/en/,"ℬ, ₿, Ξ, Ł, ɱ, ✕, τ, ₮",150%,€300.0,€450,50,1st Deposit Bonus,casino_logos/royal_stars_casino.webp,9.4,8.6,pros/royal_stars_casino.txt,cons/royal_stars_casino.txt,review/royal_stars_casino.txt
Golden Star Casino,https://goldenstar-casino.com,"₿, Ƀ, Ð, Ξ, Ł, ✕, ₮",100%,€1000.0,€1000,300,1st Deposit Bonus,casino_logos/golden_star_casino.webp,7.4,8.7,pros/golden_star_casino.txt,cons/golden_star_casino.txt,review/golden_star_casino.txt
Betandyou Casino,https://betandyou.com/,"ℬ, ₿, Ƀ, Ð, Ξ, Ł, ✕, τ, ₮",100%,€300.0,€300,30,1st Deposit Bonus,casino_logos/betandyou_casino.webp,8.8,8.5,pros/betandyou_casino.txt,cons/betandyou_casino.txt,review/betandyou_casino.txt
AllSpins Casino,https://allspins.com/,"ℬ, ₿, Ξ, Ł, τ, ₮",150%,€600.0,€900,0,Other,casino_logos/allspins_casino.webp,9.9,8.5,pros/allspins_casino.txt,cons/allspins_casino.txt,review/allspins_casino.txt
Slotum Casino,https://www.slotum.com/,"₿, Ƀ, Ð, Ξ, Ł",100%,€200.0,€200,0,1st Deposit Bonus,casino_logos/slotum_casino.webp,7.5,8.5,pros/slotum_casino.txt,cons/slotum_casino.txt,review/slotum_casino.txt
TrustDice Casino,https://trustdice.win/,"₿, Ð, Ξ, Ł, τ, ₮, ₵",200%,€30000.0,€60000,20,1st Deposit Bonus,casino_logos/trustdice_casino.webp,8.9,8.5,pros/trustdice_casino.txt,cons/trustdice_casino.txt,review/trustdice_casino.txt
Kingamo Casino,https://www.kingamo.com,"ℬ, ₿, Ƀ, Ð, Ξ, Ł, ✕, τ, ₮, ₵",120%,€1000.0,€1200,120,Other,casino_logos/kingamo_casino.webp,9.0,8.5,pros/kingamo_casino.txt,cons/kingamo_casino.txt,review/kingamo_casino.txt
ZenCasino,https://www.zencasino.com/,"₳, ℬ, ₿, Ƀ, Ξ, ✕, τ, ₮, ₵",150%,€300.0,€450,100,Other,casino_logos/zencasino.webp,7.9,8.5,pros/zencasino.txt,cons/zencasino.txt,review/zencasino.txt
Fairspin Casino,https://fairspin.io/,"ℬ, ₿, Ƀ, Ð, Ξ, Ł, ɱ, ✕, τ, ₮",50%,€250.0,€125,10,1st Deposit Bonus,casino_logos/fairspin_casino.webp,8.5,8.5,pros/fairspin_casino.txt,cons/fairspin_casino.txt,review/fairspin_casino.txt
Casino Rocket,https://www.casinorocket.com/en,"₿, Ƀ, Ð, Ξ, Ł, ✕, ₮",100%,€333.0,€333,50,1st Deposit Bonus,casino_logos/casino_rocket.webp,8.4,8.5,pros/casino_rocket.txt,cons/casino_rocket.txt,review/casino_rocket.txt
Joo Casino,http://www.joocasino.com,"₿, Ƀ, Ð, Ξ, Ł",100%,€1000.0,€1000,100,1st Deposit Bonus,casino_logos/joo_casino.webp,8.9,8.5,pros/joo_casino.txt,cons/joo_casino.txt,review/joo_casino.txt
Spin Samurai Casino,https://www.spinsamurai.com/en,"₿, Ƀ, Ξ, Ł",125%,€100.0,€125,0,1st Deposit Bonus,casino_logos/spin_samurai_casino.webp,8.5,8.4,pros/spin_samurai_casino.txt,cons/spin_samurai_casino.txt,review/spin_samurai_casino.txt
Wish Casino,https://www.wishcasino.io,"₳, ℬ, ₿, Ƀ, Ð, Ξ, Ł, ✕, τ, ₮, ₵",120%,€1500.0,€1800,100,Welcome Bonus,casino_logos/wish_casino.webp,9.4,8.4,pros/wish_casino.txt,cons/wish_casino.txt,review/wish_casino.txt
Bitcoin Casino,https://www.bitcoincasino.io/,"₿, Ƀ, Ð, Ξ, Ł, ₮",100%,€0.0,€0,0,1st Deposit Bonus,casino_logos/bitcoin_casino.webp,7.4,8.4,pros/bitcoin_casino.txt,cons/bitcoin_casino.txt,review/bitcoin_casino.txt
BetChain Casino,https://www.betchain.com/,"₿, Ƀ, Ð, Ξ, Ł, ₮",200%,€1000.0,€2000,200,Other,casino_logos/betchain_casino.webp,7.3,8.4,pros/betchain_casino.txt,cons/betchain_casino.txt,review/betchain_casino.txt
Olympia Casino,https://www.olympia.casino,"₿, Ƀ, Ð, Ξ, Ł, ₮",100%,€1000.0,€1000,25,1st Deposit Bonus,casino_logos/olympia_casino.webp,9.0,8.4,pros/olympia_casino.txt,cons/olympia_casino.txt,review/olympia_casino.txt
Smokace Casino,https://smokace.com/,₿,125%,€500.0,€625,125,1st Deposit Bonus,casino_logos/smokace_casino.webp,9.7,8.7,pros/smokace_casino.txt,cons/smokace_casino.txt,review/smokace_casino.txt
Gunsbet Casino,https://www.gunsbet.com,"₿, Ƀ, Ð, Ξ, Ł, ₮",100%,€500.0,€500,200,Welcome Bonus,casino_logos/gunsbet_casino.webp,8.2,8.4,pros/gunsbet_casino.txt,cons/gunsbet_casino.txt,review/gunsbet_casino.txt
Wild Tornado Casino,https://www.wildtornado.casino/,"₿, Ƀ, Ð, Ξ, Ł, ✕, τ, ₮",100%,€300.0,€300,100,1st Deposit Bonus,casino_logos/wild_tornado_casino.webp,8.6,8.5,pros/wild_tornado_casino.txt,cons/wild_tornado_casino.txt,review/wild_tornado_casino.txt
Lilibet Casino,https://www.lilibet.com/,₿,100%,€500.0,€500,0,Other,casino_logos/lilibet_casino.webp,9.0,8.4,pros/lilibet_casino.txt,cons/lilibet_casino.txt,review/lilibet_casino.txt
Slotman Casino,https://www.slotman.com/,"₳, ℬ, ₿, Ƀ, Ð, Ξ, Ł, ✕, ₮",100%,€800.0,€800,60,1st Deposit Bonus,casino_logos/slotman_casino.webp,8.5,8.4,pros/slotman_casino.txt,cons/slotman_casino.txt,review/slotman_casino.txt
Sol Casino,https://sol.casino,₿,100%,€300.0,€300,0,1st Deposit Bonus,casino_logos/sol_casino.webp,9.4,8.6,pros/sol_casino.txt,cons/sol_casino.txt,review/sol_casino.txt
Puma Casino,https://www.pumacasino.io/,"₳, ℬ, ₿, Ƀ, Ð, Ξ, Ł, ✕, τ, ₮, ₵",150%,€200.0,€300,200,Welcome Bonus,casino_logos/puma_casino.webp,7.7,8.3,pros/puma_casino.txt,cons/puma_casino.txt,review/puma_casino.txt
SlotLords Casino,https://www.slotlords.com/,₿,100%,€750.0,€750,100,1st Deposit Bonus,casino_logos/slotlords_casino.webp,9.4,8.5,pros/slotlords_casino.txt,cons/slotlords_casino.txt,review/slotlords_casino.txt
GoSpin Casino,https://www.gospin.io/,"₳, ℬ, ₿, Ƀ, Ð, Ξ, Ł, ✕, τ, ₮, ₵",125%,€500.0,€625,150,Other,casino_logos/gospin_casino.webp,9.4,8.3,pros/gospin_casino.txt,cons/gospin_casino.txt,review/gospin_casino.txt
iWild Casino,https://iwildcasino.com,"₿, Ð, Ξ, Ł, τ, ₮",200%,€1000.0,€2000,200,1st Deposit Bonus,casino_logos/iwild_casino.webp,8.6,8.1,pros/iwild_casino.txt,cons/iwild_casino.txt,review/iwild_casino.txt
LuckyReels Casino,https://www.luckyreels.io,"₳, ℬ, ₿, Ƀ, Ð, Ξ, Ł, ✕, τ, ₮, ₵",140%,€750.0,€1050,180,Other,casino_logos/luckyreels_casino.webp,8.7,8.3,pros/luckyreels_casino.txt,cons/luckyreels_casino.txt,review/luckyreels_casino.txt
FortuneJack Casino,https://fortunejack.com,"₿, Ƀ, Ð, Ξ, Ł, ɱ, τ",110%,€1.0,€1,250,1st Deposit Bonus,casino_logos/fortunejack_casino.webp,9.4,8.3,pros/fortunejack_casino.txt,cons/fortunejack_casino.txt,review/fortunejack_casino.txt
Thorcasino,https://www.thorcasino.com,"ℬ, ₿, Ξ, Ł, ɱ, ✕, τ, ₮",100%,€200.0,€200,25,1st Deposit Bonus,casino_logos/thorcasino.webp,9.3,8.3,pros/thorcasino.txt,cons/thorcasino.txt,review/thorcasino.txt
Betsomnia Casino,https://betsomnia.com/,"₿, Ƀ, Ð, Ξ, Ł, ₮",100%,€25000.0,€25000,100,Other,casino_logos/betsomnia_casino.webp,9.2,8.3,pros/betsomnia_casino.txt,cons/betsomnia_casino.txt,review/betsomnia_casino.txt
Artcasino,https://www.artcasino.io,"ℬ, ₿, Ƀ, Ξ, Ł, ɱ, ✕, ₮",100%,€1000.0,€1000,0,Other,casino_logos/artcasino.webp,9.3,8.3,pros/artcasino.txt,cons/artcasino.txt,review/artcasino.txt
24Casino,https://www.24casino.com/,"₿, Ƀ, Ð, Ξ, Ł, ₮",300%,€1000.0,€3000,50,Other,casino_logos/24casino.webp,9.0,8.3,pros/24casino.txt,cons/24casino.txt,review/24casino.txt
Loki Casino,http://www.lokicasino.com,"₿, Ƀ, Ð, Ξ, Ł, ✕, ₮",100%,€60000.0,€60000,100,Other,casino_logos/loki_casino.webp,7.3,8.3,pros/loki_casino.txt,cons/loki_casino.txt,review/loki_casino.txt
Wazbee Casino,https://www.wazbee.casino/,"₳, ℬ, ₿, Ƀ, Ð, Ξ, Ł, τ, ₮",125%,€250.0,€312,0,Other,casino_logos/wazbee_casino.webp,9.2,8.2,pros/wazbee_casino.txt,cons/wazbee_casino.txt,review/wazbee_casino.txt
Betandplay Casino,https://www.betandplay.com,"₳, ℬ, ₿, Ƀ, Ð, Ξ, Ł, ✕, ₮",100%,€500.0,€500,50,1st Deposit Bonus,casino_logos/betandplay_casino.webp,8.0,6.3,pros/betandplay_casino.txt,cons/betandplay_casino.txt,review/betandplay_casino.txt
Kingdom Casino,https://www.kingdomcasino.com/,"₿, Ƀ, Ð, Ξ, Ł, ₮",100%,€200.0,€200,25,1st Deposit Bonus,casino_logos/kingdom_casino.webp,7.1,8.2,pros/kingdom_casino.txt,cons/kingdom_casino.txt,review/kingdom_casino.txt
500 Casino,https://500.casino/,"₳, ℬ, ₿, Ƀ, Ð, Ξ, Ł, ✕, τ, ₮",300%,€15000.0,€45000,50,Other,casino_logos/500_casino.webp,9.2,8.2,pros/500_casino.txt,cons/500_casino.txt,review/500_casino.txt
RocketWin Casino,https://www.rocketwin.io,"₳, ℬ, ₿, Ƀ, Ð, Ξ, Ł, ✕, τ, ₮, ₵",150%,€700.0,€1050,200,Welcome Bonus,casino_logos/rocketwin_casino.webp,8.8,8.2,pros/rocketwin_casino.txt,cons/rocketwin_casino.txt,review/rocketwin_casino.txt
arcanebet Casino,https://www.arcanebet.com/en/casino,"₿, Ð, Ξ, Ł, τ, ₮",100%,€500.0,€500,0,Other,casino_logos/arcanebet_casino.webp,9.2,8.2,pros/arcanebet_casino.txt,cons/arcanebet_casino.txt,review/arcanebet_casino.txt
Retro Bet Casino,https://www.retrobet.com/,"ℬ, ₿, Ƀ, Ð, Ξ, Ł, τ, ₮",100%,-,-,100,1st Deposit Bonus,casino_logos/retro_bet_casino.webp,9.8,8.3,pros/retro_bet_casino.txt,cons/retro_bet_casino.txt,review/retro_bet_casino.txt
Plangames Casino,https://plangames.com/,"₳, ℬ, ₿, Ƀ, Ð, Ξ, Ł, ✕, τ, ₮",100%,€300.0,€300,200,1st Deposit Bonus,casino_logos/plangames_casino.webp,9.9,8.4,pros/plangames_casino.txt,cons/plangames_casino.txt,review/plangames_casino.txt
Spinline Casino,http://spinline.com/,₿,100%,€300.0,€300,200,1st Deposit Bonus,casino_logos/spinline_casino.webp,9.8,8.4,pros/spinline_casino.txt,cons/spinline_casino.txt,review/spinline_casino.txt
Betroom24 Casino,https://www.betroom24.com/en,"₿, Ƀ, Ξ, Ł, ɱ, ✕, τ",100%,€250.0,€250,25,1st Deposit Bonus,casino_logos/betroom24_casino.webp,9.0,8.2,pros/betroom24_casino.txt,cons/betroom24_casino.txt,review/betroom24_casino.txt
Velobet Casino,https://velobet.com/,₿,150%,€500.0,€750,70,Other,casino_logos/velobet_casino.webp,9.3,7.9,pros/velobet_casino.txt,cons/velobet_casino.txt,review/velobet_casino.txt
Zinkra Casino,https://zinkra.com/,₿,100%,€300.0,€300,30,1st Deposit Bonus,casino_logos/zinkra_casino.webp,8.0,8.2,pros/zinkra_casino.txt,cons/zinkra_casino.txt,review/zinkra_casino.txt
Jet Casino,https://jet.casino,₿,50%,€300.0,€150,0,1st Deposit Bonus,casino_logos/jet_casino.webp,8.7,8.2,pros/jet_casino.txt,cons/jet_casino.txt,review/jet_casino.txt
Cleopatra Casino,https://www.cleopatracasino.com/,"₿, Ƀ, Ð, Ξ, Ł, ₮",100%,-,-,0,1st Deposit Bonus,casino_logos/cleopatra_casino.webp,6.6,8.1,pros/cleopatra_casino.txt,cons/cleopatra_casino.txt,review/cleopatra_casino.txt
SpinSpace Casino,https://www.spinspace.io,"₳, ℬ, ₿, Ƀ, Ð, Ξ, Ł, ✕, τ, ₮, ₵",127%,€1270.0,€1613,120,Other,casino_logos/spinspace_casino.webp,9.7,8.1,pros/spinspace_casino.txt,cons/spinspace_casino.txt,review/spinspace_casino.txt
Pledoo Casino,https://pledoo.com/,"₿, Ƀ, Ð, Ξ, Ł, ₮",100%,€200.0,€200,75,1st Deposit Bonus,casino_logos/pledoo_casino.webp,8.6,8.1,pros/pledoo_casino.txt,cons/pledoo_casino.txt,review/pledoo_casino.txt
Casino Friday,https://www.casinofriday.com,"₿, ₿, Ξ, Ł",100%,€200.0,€200,200,Other,casino_logos/casino_friday.webp,7.0,8.1,pros/casino_friday.txt,cons/casino_friday.txt,review/casino_friday.txt
Richard Casino,https://www.richardcasino.com/,"₿, Ƀ, Ð, Ξ, Ł, ₮",100%,€10000.0,€10000,100,1st Deposit Bonus,casino_logos/richard_casino.webp,8.9,8.1,pros/richard_casino.txt,cons/richard_casino.txt,review/richard_casino.txt
Wazamba Casino,https://wazamba.com,"ℬ, ₿, Ƀ, Ξ, Ł, ₮, ₵",100%,€5000.0,€5000,200,Other,casino_logos/wazamba_casino.webp,7.9,7.3,pros/wazamba_casino.txt,cons/wazamba_casino.txt,review/wazamba_casino.txt
Mondcasino,https://www.mondcasino.com/en,"₿, Ƀ, Ξ, Ł, ɱ, ✕, τ, ₮",100%,€200.0,€200,0,1st Deposit Bonus,casino_logos/mondcasino.webp,8.9,8.1,pros/mondcasino.txt,cons/mondcasino.txt,review/mondcasino.txt
BetBeast Casino,https://www.betbeast.com,"₿, Ƀ, Ð, Ξ, Ł, ₮",100%,€500.0,€500,100,1st Deposit Bonus,casino_logos/betbeast_casino.webp,9.8,8.0,pros/betbeast_casino.txt,cons/betbeast_casino.txt,review/betbeast_casino.txt
Bongo Casino,https://bongo.gg/en,₿,120%,€200.0,€240,80,Other,casino_logos/bongo_casino.webp,7.6,8.0,pros/bongo_casino.txt,cons/bongo_casino.txt,review/bongo_casino.txt
Snatch Casino,https://snatchcasino.com,"ℬ, ₿, Ð, Ξ, Ł, τ, ₮",200%,€500.0,€1000,100,1st Deposit Bonus,casino_logos/snatch_casino.webp,8.0,8.0,pros/snatch_casino.txt,cons/snatch_casino.txt,review/snatch_casino.txt
Joya Casino,https://joya.casino/,"ℬ, ₿, Ƀ, Ð, Ξ, ɱ, τ, ₮",100%,€1000.0,€1000,0,1st Deposit Bonus,casino_logos/joya_casino.webp,9.2,8.0,pros/joya_casino.txt,cons/joya_casino.txt,review/joya_casino.txt
GetSlots Casino,https://www.getslots.com/,"₿, Ƀ, Ð, Ξ, Ł, ₮",100%,€500.0,€500,100,1st Deposit Bonus,casino_logos/getslots_casino.webp,7.9,8.0,pros/getslots_casino.txt,cons/getslots_casino.txt,review/getslots_casino.txt
Mr Bit Casino,http://www.mrbit.com,₿,100%,€500.0,€500,50,Other,casino_logos/mr_bit_casino.webp,7.2,8.0,pros/mr_bit_casino.txt,cons/mr_bit_casino.txt,review/mr_bit_casino.txt
Conquestador Casino,https://conquestador.com,₿,150%,€300.0,€450,0,1st Deposit Bonus,casino_logos/conquestador_casino.webp,6.1,7.9,pros/conquestador_casino.txt,cons/conquestador_casino.txt,review/conquestador_casino.txt
Rolling Slots Casino,https://rollingslots.com,"₳, ₿, Ƀ, Ξ, Ł, ₮",100%,€500.0,€500,100,1st Deposit Bonus,casino_logos/rolling_slots_casino.webp,8.9,8.0,pros/rolling_slots_casino.txt,cons/rolling_slots_casino.txt,review/rolling_slots_casino.txt
BruceBet Casino,https://bruce.bet/,"₿, Ð, Ξ, Ł, τ, ₮, ₵",150%,€500.0,€750,0,1st Deposit Bonus,casino_logos/brucebet_casino.webp,9.6,7.9,pros/brucebet_casino.txt,cons/brucebet_casino.txt,review/brucebet_casino.txt
Zoome Casino,https://zoome.casino,"₿, Ƀ",100%,€3500.0,€3500,100,1st Deposit Bonus,casino_logos/zoome_casino.webp,8.6,8.0,pros/zoome_casino.txt,cons/zoome_casino.txt,review/zoome_casino.txt
Nummus Casino,https://nummus.casino/,"ℬ, ₿, Ƀ, Ð, Ξ, Ł, ✕, τ, ₮, ₵",100%,€700.0,€700,150,Other,casino_logos/nummus_casino.webp,9.4,7.9,pros/nummus_casino.txt,cons/nummus_casino.txt,review/nummus_casino.txt
Loft Casino,https://www.loft.casino/,"₿, Ƀ, Ξ, Ł, ✕, ₮",100%,€500.0,€500,200,1st Deposit Bonus,casino_logos/loft_casino.webp,7.7,7.9,pros/loft_casino.txt,cons/loft_casino.txt,review/loft_casino.txt
PrimeBetz Casino,https://primebetz.com/,"₿, Ƀ, Ð, Ξ, Ł",150%,€500.0,€750,100,Other,casino_logos/primebetz_casino.webp,6.2,7.9,pros/primebetz_casino.txt,cons/primebetz_casino.txt,review/primebetz_casino.txt
Megapari Casino,https://megapari.com,Ð,100%,€300.0,€300,30,1st Deposit Bonus,casino_logos/megapari_casino.webp,9.2,7.9,pros/megapari_casino.txt,cons/megapari_casino.txt,review/megapari_casino.txt
CasinoBello,https://www.casinobello.com,"₿, Ƀ, Ξ, Ł, ₮",100%,€500.0,€500,150,1st Deposit Bonus,casino_logos/casinobello.webp,9.8,8.0,pros/casinobello.txt,cons/casinobello.txt,review/casinobello.txt
Gate777 Casino,https://www.gate777.com,₿,150%,€300.0,€450,100,Other,casino_logos/gate777_casino.webp,7.0,7.9,pros/gate777_casino.txt,cons/gate777_casino.txt,review/gate777_casino.txt
Jupi Casino,https://jupicasino.com/,"₿, Ƀ, Ξ, Ł, ₮",120%,€600.0,€720,0,Welcome Bonus,casino_logos/jupi_casino.webp,8.9,7.9,pros/jupi_casino.txt,cons/jupi_casino.txt,review/jupi_casino.txt
Cadabrus Casino,https://cadabrus.com/en/,₿,100%,€5000.0,€5000,200,Other,casino_logos/cadabrus_casino.webp,9.2,7.9,pros/cadabrus_casino.txt,cons/cadabrus_casino.txt,review/cadabrus_casino.txt
Bullsbet Casino,https://bullsbet.io/,₮,100%,€2000.0,€2000,0,1st Deposit Bonus,casino_logos/bullsbet_casino.webp,8.6,7.9,pros/bullsbet_casino.txt,cons/bullsbet_casino.txt,review/bullsbet_casino.txt
ZenBetting Casino,https://www.zenbetting.com/,₿,200%,€300.0,€600,100,Other,casino_logos/zenbetting_casino.webp,6.9,7.9,pros/zenbetting_casino.txt,cons/zenbetting_casino.txt,review/zenbetting_casino.txt
Tomb Riches Casino,https://tombriches.com/,"₿, Ƀ, Ð, Ξ, Ł, ₮",100%,€500.0,€500,100,1st Deposit Bonus,casino_logos/tomb_riches_casino.webp,8.7,7.1,pros/tomb_riches_casino.txt,cons/tomb_riches_casino.txt,review/tomb_riches_casino.txt
Drip Casino,https://drip.casino,"₿, Ƀ, Ð, Ξ, Ł, ✕, τ, ₮",100%,€300.0,€300,0,Other,casino_logos/drip_casino.webp,9.5,7.9,pros/drip_casino.txt,cons/drip_casino.txt,review/drip_casino.txt
Metaspins Crypto Casino,https://metaspins.com,"₳, ℬ, ₿, Ƀ, Ð, Ξ, Ł, τ, ₮, ₵",100%,€1.0,€1,0,Other,casino_logos/metaspins_crypto_casino.webp,8.6,7.9,pros/metaspins_crypto_casino.txt,cons/metaspins_crypto_casino.txt,review/metaspins_crypto_casino.txt
RoySpins Casino,https://www.royspins.com,₿,100%,€200.0,€200,0,Other,casino_logos/royspins_casino.webp,8.2,7.9,pros/royspins_casino.txt,cons/royspins_casino.txt,review/royspins_casino.txt
PlaYouWin Casino,https://www.playouwin.com/,₿,250%,€400.0,€1000,180,Other,casino_logos/playouwin_casino.webp,9.1,7.8,pros/playouwin_casino.txt,cons/playouwin_casino.txt,review/playouwin_casino.txt
Sloterra Casino,https://sloterra.com,"₿, Ξ, Ł, ₮",125%,€500.0,€625,125,Other,casino_logos/sloterra_casino.webp,8.9,7.8,pros/sloterra_casino.txt,cons/sloterra_casino.txt,review/sloterra_casino.txt
WinGaga Casino,https://wingaga.com/,"ℬ, ₿, Ð, Ξ, Ł, ₮, ₵",100%,€500.0,€500,200,Other,casino_logos/wingaga_casino.webp,9.6,7.9,pros/wingaga_casino.txt,cons/wingaga_casino.txt,review/wingaga_casino.txt
VulkanVegas Casino,https://vulkanvegas.com/,₿,120%,€500.0,€600,70,1st Deposit Bonus,casino_logos/vulkanvegas_casino.webp,8.9,8.1,pros/vulkanvegas_casino.txt,cons/vulkanvegas_casino.txt,review/vulkanvegas_casino.txt
Welle Casino,https://www.welle.casino/,"₳, ₿, Ƀ, Ð, Ξ, Ł, ✕, τ, ₮, ₵",100%,€100.0,€100,0,1st Deposit Bonus,casino_logos/welle_casino.webp,9.4,7.8,pros/welle_casino.txt,cons/welle_casino.txt,review/welle_casino.txt
JeetCity Casino,https://www.jeetcity.com,"ℬ, ₿, Ƀ, Ł, ₮, ₵",100%,€5000.0,€5000,100,1st Deposit Bonus,casino_logos/jeetcity_casino.webp,8.4,7.8,pros/jeetcity_casino.txt,cons/jeetcity_casino.txt,review/jeetcity_casino.txt
Bet It All Casino,https://www.betitall.com,"₿, Ƀ, Ξ, Ł, ₮",100%,-,-,20,Other,casino_logos/bet_it_all_casino.webp,6.9,7.8,pros/bet_it_all_casino.txt,cons/bet_it_all_casino.txt,review/bet_it_all_casino.txt
Vavada Casino,https://www.vavada.com/,"₿, Ξ, Ł, τ, ₮",100%,€1000.0,€1000,0,Other,casino_logos/vavada_casino.webp,6.1,7.6,pros/vavada_casino.txt,cons/vavada_casino.txt,review/vavada_casino.txt
TrivelaBet Casino,https://www.trivelabet.com/,"₿, Ξ",200%,€2000.0,€4000,0,Welcome Bonus,casino_logos/trivelabet_casino.webp,0.0,7.3,pros/trivelabet_casino.txt,cons/trivelabet_casino.txt,review/trivelabet_casino.txt
Rakebit Casino,https://rakebit.com/,"ℬ, ₿, Ƀ, Ð, Ξ, Ł, ✕, τ, ₮",-,-,-,200,Welcome Bonus,casino_logos/rakebit_casino.webp,9.5,7.6,pros/rakebit_casino.txt,cons/rakebit_casino.txt,review/rakebit_casino.txt
Booi Casino,https://booi.com/en,₿,100%,€500.0,€500,100,Other,casino_logos/booi_casino.webp,7.7,7.8,pros/booi_casino.txt,cons/booi_casino.txt,review/booi_casino.txt
Wanted Win Casino,https://www.wantedwin.com,"₿, Ƀ, Ð, Ξ, Ł, ₮",100%,€1000.0,€1000,100,1st Deposit Bonus,casino_logos/wanted_win_casino.webp,9.1,7.8,pros/wanted_win_casino.txt,cons/wanted_win_casino.txt,review/wanted_win_casino.txt
Lex Casino,https://lex.casino/,"ℬ, ₿, Ƀ, Ð, Ξ, Ł, ✕, τ, ₮",50%,€300.0,€150,0,1st Deposit Bonus,casino_logos/lex_casino.webp,8.3,7.7,pros/lex_casino.txt,cons/lex_casino.txt,review/lex_casino.txt
Pinnacle Casino,https://www.pinnacle.com/en/casino,₿,-,€200.0,-,200,Other,casino_logos/pinnacle_casino.webp,7.0,7.7,pros/pinnacle_casino.txt,cons/pinnacle_casino.txt,review/pinnacle_casino.txt
Sirwin Casino,https://sirwin.com/,"ℬ, ₿, Ð, Ξ, Ł, ✕, τ, ₮",100%,€1000.0,€1000,0,Welcome Bonus,casino_logos/sirwin_casino.webp,9.1,8.0,pros/sirwin_casino.txt,cons/sirwin_casino.txt,review/sirwin_casino.txt
NeedForSpin Casino,https://needforspin.com,₿,100%,€200.0,€200,70,1st Deposit Bonus,casino_logos/needforspin_casino.webp,9.1,7.7,pros/needforspin_casino.txt,cons/needforspin_casino.txt,review/needforspin_casino.txt
GemBet Casino,https://gem.bet,₿,100%,€500.0,€500,0,Other,casino_logos/gembet_casino.webp,10.0,7.7,pros/gembet_casino.txt,cons/gembet_casino.txt,review/gembet_casino.txt
Cryptorush Casino,https://cryptorush.com/en,"₿, Ξ, Ł, τ, ₮",300%,€1500.0,€4500,300,Other,casino_logos/cryptorush_casino.webp,9.9,7.6,pros/cryptorush_casino.txt,cons/cryptorush_casino.txt,review/cryptorush_casino.txt
Spin Away Casino,https://spinaway.com,₿,100%,€100.0,€100,100,1st Deposit Bonus,casino_logos/spin_away_casino.webp,7.2,7.7,pros/spin_away_casino.txt,cons/spin_away_casino.txt,review/spin_away_casino.txt
Trips Casino,https://www.tripscasino.com/,"₿, Ƀ, Ð, Ξ, Ł, ₮",130%,€500.0,€650,25,Other,casino_logos/trips_casino.webp,8.9,8.1,pros/trips_casino.txt,cons/trips_casino.txt,review/trips_casino.txt
Goodman Casino,https://www.goodmancasino.com/,"₳, ℬ, ₿, Ƀ, Ð, Ξ, Ł, ✕, τ, ₮",100%,€100.0,€100,100,1st Deposit Bonus,casino_logos/goodman_casino.webp,6.1,7.7,pros/goodman_casino.txt,cons/goodman_casino.txt,review/goodman_casino.txt
AllStarz Casino,https://www.allstarzcasino.com,"₳, ₿, Ƀ, Ð, Ξ, Ł, ✕, τ, ₮, ₵",100%,€300.0,€300,100,1st Deposit Bonus,casino_logos/allstarz_casino.webp,8.5,8.3,pros/allstarz_casino.txt,cons/allstarz_casino.txt,review/allstarz_casino.txt
Drift Casino,https://driftcasino.com/en,₿,100%,€500.0,€500,0,Other,casino_logos/drift_casino.webp,6.3,7.7,pros/drift_casino.txt,cons/drift_casino.txt,review/drift_casino.txt
Shambala Casino,https://shambalacasino.com,"₿, Ƀ, Ð, Ξ, Ł, ₮",100%,€100.0,€100,180,1st Deposit Bonus,casino_logos/shambala_casino.webp,7.7,7.7,pros/shambala_casino.txt,cons/shambala_casino.txt,review/shambala_casino.txt
Casinoin,https://casinoin.io/,"₿, Ð, Ξ, Ł, ɱ, ✕",100%,€200.0,€200,200,Other,casino_logos/casinoin.webp,7.8,7.7,pros/casinoin.txt,cons/casinoin.txt,review/casinoin.txt
Spinch Casino,https://www.spinch.com,"₳, ℬ, ₿, Ƀ, Ð, Ξ, Ł, ✕, τ, ₮, ₵",100%,€6000.0,€6000,0,Other,casino_logos/spinch_casino.webp,9.4,7.7,pros/spinch_casino.txt,cons/spinch_casino.txt,review/spinch_casino.txt
Moonwin Casino,https://www.moonwin.com/,"₿, Ð, Ξ, ₮, ₵",110%,€5000.0,€5500,100,Other,casino_logos/moonwin_casino.webp,9.3,7.7,pros/moonwin_casino.txt,cons/moonwin_casino.txt,review/moonwin_casino.txt
Wolfy Casino,https://www.wolfycasino.com/en/,"₿, Ξ, Ł, ✕",100%,€200.0,€200,0,1st Deposit Bonus,casino_logos/wolfy_casino.webp,8.6,7.7,pros/wolfy_casino.txt,cons/wolfy_casino.txt,review/wolfy_casino.txt
StayCasino,https://www.staycasino.com/,"₿, Ƀ, Ð, Ξ, Ł, ₮",100%,€500.0,€500,100,1st Deposit Bonus,casino_logos/staycasino.webp,8.6,7.7,pros/staycasino.txt,cons/staycasino.txt,review/staycasino.txt
Lukki Casino,https://www.lukki.com,"₳, ₿, Ƀ, Ð, Ξ, Ł, ✕, ₮",100%,-,-,100,1st Deposit Bonus,casino_logos/lukki_casino.webp,9.0,7.7,pros/lukki_casino.txt,cons/lukki_casino.txt,review/lukki_casino.txt
Betswap Casino,https://betswap.gg/,"ℬ, ₿, Ξ, τ, ₮, ₵",100%,€500.0,€500,0,Other,casino_logos/betswap_casino.webp,8.3,7.7,pros/betswap_casino.txt,cons/betswap_casino.txt,review/betswap_casino.txt
Vegaz Casino,https://www.vegazcasino.com/,"₿, Ƀ, Ξ, Ł, ɱ, ✕, τ, ₮",100%,€300.0,€300,50,1st Deposit Bonus,casino_logos/vegaz_casino.webp,7.8,7.6,pros/vegaz_casino.txt,cons/vegaz_casino.txt,review/vegaz_casino.txt
Slotozen Casino,https://www.slotozen.com/,"₿, Ƀ, Ð, Ξ, Ł, ₮",100%,€300.0,€300,100,1st Deposit Bonus,casino_logos/slotozen_casino.webp,8.0,7.7,pros/slotozen_casino.txt,cons/slotozen_casino.txt,review/slotozen_casino.txt
Lucky Elf Casino,https://luckyelfcasino.com,"₿, Ƀ, Ð, Ξ, Ł, ₮",100%,-,-,100,1st Deposit Bonus,casino_logos/lucky_elf_casino.webp,7.4,7.6,pros/lucky_elf_casino.txt,cons/lucky_elf_casino.txt,review/lucky_elf_casino.txt
Neospin Casino,https://www.neospin.com,"₿, Ƀ, Ð, Ξ, Ł, ✕, ₮",100%,€6000.0,€6000,100,Other,casino_logos/neospin_casino.webp,8.9,7.7,pros/neospin_casino.txt,cons/neospin_casino.txt,review/neospin_casino.txt
Club Riches Casino,https://www.clubriches.com/en,₿,100%,€1000.0,€1000,100,1st Deposit Bonus,casino_logos/club_riches_casino.webp,8.4,7.6,pros/club_riches_casino.txt,cons/club_riches_casino.txt,review/club_riches_casino.txt
Winawin Casino,https://www.winawin.com,"₳, ℬ, ₿, Ƀ, Ð, Ξ, Ł, τ, ₮",100%,€300.0,€300,0,Welcome Bonus,casino_logos/winawin_casino.webp,9.0,7.6,pros/winawin_casino.txt,cons/winawin_casino.txt,review/winawin_casino.txt
Izzi Casino,https://izzicasino.com,₿,100%,€300.0,€300,0,1st Deposit Bonus,casino_logos/izzi_casino.webp,9.1,7.6,pros/izzi_casino.txt,cons/izzi_casino.txt,review/izzi_casino.txt
Cobra Casino,https://www.cobracasino.com/,"₿, Ƀ, Ð, Ξ, Ł, ₮",100%,€500.0,€500,250,1st Deposit Bonus,casino_logos/cobra_casino.webp,6.8,7.6,pros/cobra_casino.txt,cons/cobra_casino.txt,review/cobra_casino.txt
X7 Casino,https://x7casino.com/,"ℬ, ₿, Ƀ, Ð, Ξ, Ł, ✕, τ, ₮",150%,€150.0,€225,20,1st Deposit Bonus,casino_logos/x7_casino.webp,6.4,7.6,pros/x7_casino.txt,cons/x7_casino.txt,review/x7_casino.txt
RioBet Casino,http://riobet.com,₿,100%,€750.0,€750,0,Other,casino_logos/riobet_casino.webp,6.7,7.6,pros/riobet_casino.txt,cons/riobet_casino.txt,review/riobet_casino.txt
Golden Crown Casino,https://www.goldencrowncasino.com/,"₿, Ƀ, Ð, Ξ, Ł, ✕, ₮",100%,€1000.0,€1000,300,Other,casino_logos/golden_crown_casino.webp,8.1,7.6,pros/golden_crown_casino.txt,cons/golden_crown_casino.txt,review/golden_crown_casino.txt
Brazino777 Casino,https://brazino777.com/,₿,150%,€2000.0,€3000,0,Welcome Bonus,casino_logos/brazino777_casino.webp,9.5,7.6,pros/brazino777_casino.txt,cons/brazino777_casino.txt,review/brazino777_casino.txt
Fortune Panda Casino,https://www.fortunepanda.com,"ℬ, ₿, Ξ, Ł, ɱ, ✕, τ, ₮",100%,€1000.0,€1000,150,1st Deposit Bonus,casino_logos/fortune_panda_casino.webp,8.9,7.6,pros/fortune_panda_casino.txt,cons/fortune_panda_casino.txt,review/fortune_panda_casino.txt
mBit Casino,http://www.mbitcasino.com,"₿, Ƀ, Ð, Ξ, Ł, ₮",75%,€1.0,€1,75,1st Deposit Bonus,casino_logos/mbit_casino.webp,8.3,7.6,pros/mbit_casino.txt,cons/mbit_casino.txt,review/mbit_casino.txt
Mega Dice Casino,https://www.megadice.com/en,"₳, ℬ, ₿, Ƀ, Ð, Ξ, Ł, ✕, τ, ₮, ₵",200%,€1.0,€2,50,Welcome Bonus,casino_logos/mega_dice_casino.webp,8.4,7.5,pros/mega_dice_casino.txt,cons/mega_dice_casino.txt,review/mega_dice_casino.txt
1Red Casino,https://www.1red.com,"₳, ℬ, ₿, Ƀ, Ð, Ξ, Ł, ✕, τ, ₮",100%,€6000.0,€6000,100,Other,casino_logos/1red_casino.webp,9.3,7.0,pros/1red_casino.txt,cons/1red_casino.txt,review/1red_casino.txt
PlayFortuna Casino,http://playfortuna.com,₿,100%,€500.0,€500,90,Other,casino_logos/playfortuna_casino.webp,6.3,7.6,pros/playfortuna_casino.txt,cons/playfortuna_casino.txt,review/playfortuna_casino.txt
Voodoo Casino,https://www.voodoo.casino/,"₿, Ƀ, Ð, Ξ, Ł",100%,€4000.0,€4000,100,1st Deposit Bonus,casino_logos/voodoo_casino.webp,8.6,7.5,pros/voodoo_casino.txt,cons/voodoo_casino.txt,review/voodoo_casino.txt
LuckyKong Casino,https://luckykong.com/,"₿, Ƀ, Ð, Ξ, Ł",100%,€500.0,€500,200,Other,casino_logos/luckykong_casino.webp,8.7,7.5,pros/luckykong_casino.txt,cons/luckykong_casino.txt,review/luckykong_casino.txt
Luckystart Casino,https://www.luckystart.com,"₿, Ƀ, Ξ, Ł, τ, ₮",100%,€1000.0,€1000,50,Other,casino_logos/luckystart_casino.webp,8.0,7.5,pros/luckystart_casino.txt,cons/luckystart_casino.txt,review/luckystart_casino.txt
SuperBoss Casino,https://superboss.com,"₿, Ƀ, Ð, Ξ, Ł, τ, ₮",100%,€400.0,€400,100,1st Deposit Bonus,casino_logos/superboss_casino.webp,6.9,7.5,pros/superboss_casino.txt,cons/superboss_casino.txt,review/superboss_casino.txt
The ClubHouse Casino,https://theclubhousecasino.com,"₿, Ƀ, Ð, Ξ, Ł, ₮",100%,-,-,100,1st Deposit Bonus,casino_logos/the_clubhouse_casino.webp,6.9,7.5,pros/the_clubhouse_casino.txt,cons/the_clubhouse_casino.txt,review/the_clubhouse_casino.txt
JustCasino,https://www.justcasino.com/,"₿, ₮",100%,€500.0,€500,100,1st Deposit Bonus,casino_logos/justcasino.webp,8.0,7.5,pros/justcasino.txt,cons/justcasino.txt,review/justcasino.txt
APlay Casino,http://aplaycasino.com,₿,100%,€500.0,€500,50,Other,casino_logos/aplay_casino.webp,5.2,7.5,pros/aplay_casino.txt,cons/aplay_casino.txt,review/aplay_casino.txt
Vegas Now Casino,https://www.vegasnow.com/,"₳, ℬ, ₿, Ƀ, Ð, Ξ, Ł, ✕, τ, ₮",150%,€1500.0,€2250,200,Welcome Bonus,casino_logos/vegas_now_casino.webp,0.0,6.9,pros/vegas_now_casino.txt,cons/vegas_now_casino.txt,review/vegas_now_casino.txt
IceBet Casino,https://icebet.casino/en/games/,₿,100%,€300.0,€300,100,1st Deposit Bonus,casino_logos/icebet_casino.webp,7.1,7.5,pros/icebet_casino.txt,cons/icebet_casino.txt,review/icebet_casino.txt
Jozz Casino,https://jozz.com/en,"₿, Ξ, Ł",100%,€500.0,€500,0,Other,casino_logos/jozz_casino.webp,8.0,7.5,pros/jozz_casino.txt,cons/jozz_casino.txt,review/jozz_casino.txt
CasinoVibes,https://www.casinovibes.com/,₿,150%,€150.0,€225,50,Other,casino_logos/casinovibes.webp,7.6,7.5,pros/casinovibes.txt,cons/casinovibes.txt,review/casinovibes.txt
Epicbet Casino,https://www.epicbet.com/,"₳, ℬ, ₿, Ƀ, Ð, Ξ, Ł, ✕, τ, ₮, ₵",100%,€300.0,€300,0,Other,casino_logos/epicbet_casino.webp,7.3,7.5,pros/epicbet_casino.txt,cons/epicbet_casino.txt,review/epicbet_casino.txt
Crashino Casino,https://www.crashino.com/,"₳, ℬ, ₿, Ƀ, Ð, Ξ, Ł, ✕, τ, ₮",100%,€1000.0,€1000,150,Welcome Bonus,casino_logos/crashino_casino.webp,8.8,7.5,pros/crashino_casino.txt,cons/crashino_casino.txt,review/crashino_casino.txt
Kryptosino Casino,https://www.kryptosino.com,"ℬ, ₿, Ƀ, Ð, Ξ, Ł, ɱ, ✕, τ, ₮",100%,€500.0,€500,0,Other,casino_logos/kryptosino_casino.webp,6.8,7.5,pros/kryptosino_casino.txt,cons/kryptosino_casino.txt,review/kryptosino_casino.txt
888STARZ Casino,https://888starz.bet/en/,"₳, ₿, Ƀ, Ð, Ξ, Ł, ɱ, ✕, τ, ₮",100%,€300.0,€300,30,1st Deposit Bonus,casino_logos/888starz_casino.webp,9.1,6.9,pros/888starz_casino.txt,cons/888starz_casino.txt,review/888starz_casino.txt
Rakoo Casino,https://rakoocasino.com,₿,100%,-,-,100,Other,casino_logos/rakoo_casino.webp,7.7,7.4,pros/rakoo_casino.txt,cons/rakoo_casino.txt,review/rakoo_casino.txt
Black Lion Casino,https://www.blacklioncasino.com,"ℬ, ₿, Ξ, Ł, ɱ, ✕, τ, ₮",150%,€300.0,€450,0,1st Deposit Bonus,casino_logos/black_lion_casino.webp,8.5,7.4,pros/black_lion_casino.txt,cons/black_lion_casino.txt,review/black_lion_casino.txt
Gangsta Casino,https://gangsta.casino,₿,130%,€500.0,€650,100,Other,casino_logos/gangsta_casino.webp,8.6,7.6,pros/gangsta_casino.txt,cons/gangsta_casino.txt,review/gangsta_casino.txt
Trip2Vip Casino,https://trip2vip.com/,"₿, Ƀ, Ð, Ξ, Ł, ₮",111%,€1000.0,€1110,100,1st Deposit Bonus,casino_logos/trip2vip_casino.webp,10.0,7.4,pros/trip2vip_casino.txt,cons/trip2vip_casino.txt,review/trip2vip_casino.txt
OhMyZino Casino,https://ohmyzino.com/,"₿, Ƀ, Ξ, Ł",100%,-,-,0,1st Deposit Bonus,casino_logos/ohmyzino_casino.webp,7.7,7.4,pros/ohmyzino_casino.txt,cons/ohmyzino_casino.txt,review/ohmyzino_casino.txt
LuckyWins Casino,https://www.luckywins.com,"₿, Ƀ, Ð, Ξ, Ł, ₮",100%,€500.0,€500,100,1st Deposit Bonus,casino_logos/luckywins_casino.webp,7.3,7.5,pros/luckywins_casino.txt,cons/luckywins_casino.txt,review/luckywins_casino.txt
Lucky Dreams Casino,https://www.luckydreams.com/,"ℬ, ₿, ₮",100%,€5000.0,€5000,100,1st Deposit Bonus,casino_logos/lucky_dreams_casino.webp,6.2,7.4,pros/lucky_dreams_casino.txt,cons/lucky_dreams_casino.txt,review/lucky_dreams_casino.txt
Vasy Casino,https://www.vasycasino.com/,"₿, Ð, Ł",100%,-,-,50,1st Deposit Bonus,casino_logos/vasy_casino.webp,6.0,7.4,pros/vasy_casino.txt,cons/vasy_casino.txt,review/vasy_casino.txt
Chipstars Casino,https://chipstars.bet/,₿,200%,€200.0,€400,0,1st Deposit Bonus,casino_logos/chipstars_casino.webp,6.8,7.1,pros/chipstars_casino.txt,cons/chipstars_casino.txt,review/chipstars_casino.txt
Lucky7even Casino,https://www.lucky7even.com,"₳, ℬ, ₿, Ƀ, Ð, Ξ, Ł, ✕, τ, ₮",100%,€500.0,€500,50,1st Deposit Bonus,casino_logos/lucky7even_casino.webp,7.8,7.5,pros/lucky7even_casino.txt,cons/lucky7even_casino.txt,review/lucky7even_casino.txt
NoLimitBet Casino,https://www.nolimitbet.com/,₿,100%,€500.0,€500,150,Other,casino_logos/nolimitbet_casino.webp,10.0,7.4,pros/nolimitbet_casino.txt,cons/nolimitbet_casino.txt,review/nolimitbet_casino.txt
Spinaro Casino,https://www.spinaro.com/,"ℬ, ₿, Ƀ, Ð, Ξ, Ł, ✕, ₮, ₵",100%,€1000.0,€1000,50,1st Deposit Bonus,casino_logos/spinaro_casino.webp,6.2,7.4,pros/spinaro_casino.txt,cons/spinaro_casino.txt,review/spinaro_casino.txt
SpinBet Casino,https://www.spinbet.com/,"ℬ, ₿, Ξ, Ł, ✕, τ, ₮",100%,€500.0,€500,100,Other,casino_logos/spinbet_casino.webp,7.7,7.4,pros/spinbet_casino.txt,cons/spinbet_casino.txt,review/spinbet_casino.txt
20bet Casino,https://20bet.com/casino,"₳, ℬ, ₿, Ƀ, Ð, Ξ, Ł, ✕, ₮, ₵",100%,-,-,120,1st Deposit Bonus,casino_logos/20bet_casino.webp,8.2,7.8,pros/20bet_casino.txt,cons/20bet_casino.txt,review/20bet_casino.txt
Godbunny Casino,https://www.godbunny.com/en,"ℬ, ₿, Ƀ, Ξ, Ł, τ, ₮",100%,€250.0,€250,50,1st Deposit Bonus,casino_logos/godbunny_casino.webp,7.5,7.3,pros/godbunny_casino.txt,cons/godbunny_casino.txt,review/godbunny_casino.txt
Wunderwins Casino,https://wunderwins.com/,₿,100%,€550.0,€550,100,1st Deposit Bonus,casino_logos/wunderwins_casino.webp,0.0,7.3,pros/wunderwins_casino.txt,cons/wunderwins_casino.txt,review/wunderwins_casino.txt
Dazardbet Casino,https://dazardbet.com/,"₿, Ð, Ł",100%,€500.0,€500,200,Other,casino_logos/dazardbet_casino.webp,9.6,7.5,pros/dazardbet_casino.txt,cons/dazardbet_casino.txt,review/dazardbet_casino.txt
Sombrero Spins Casino,https://sombrerospins.io/,"₿, Ƀ, Ξ, Ł, ₮",125%,€400.0,€500,0,1st Deposit Bonus,casino_logos/sombrero_spins_casino.webp,0.0,7.8,pros/sombrero_spins_casino.txt,cons/sombrero_spins_casino.txt,review/sombrero_spins_casino.txt
Jackpoty Casino,https://www.jackpoty.com,"₿, Ƀ, Ð, Ξ, Ł, τ, ₮",100%,€500.0,€500,100,1st Deposit Bonus,casino_logos/jackpoty_casino.webp,6.3,7.3,pros/jackpoty_casino.txt,cons/jackpoty_casino.txt,review/jackpoty_casino.txt
Mirax Casino,https://www.miraxcasino.com/,"₳, ℬ, ₿, Ƀ, Ð, Ξ, Ł, ✕, τ, ₮",100%,€1.0,€1,50,1st Deposit Bonus,casino_logos/mirax_casino.webp,7.4,7.3,pros/mirax_casino.txt,cons/mirax_casino.txt,review/mirax_casino.txt
OnLuck Casino,https://www.onluck.com/,"₳, ℬ, ₿, Ƀ, Ð, Ξ, Ł, ✕, τ, ₮",100%,€7000.0,€7000,100,Other,casino_logos/onluck_casino.webp,9.3,7.3,pros/onluck_casino.txt,cons/onluck_casino.txt,review/onluck_casino.txt
Casino Infinity,https://casinoinfinity.com,₿,100%,€500.0,€500,200,Other,casino_logos/casino_infinity.webp,9.4,7.3,pros/casino_infinity.txt,cons/casino_infinity.txt,review/casino_infinity.txt
Powerbet777 Casino,https://www.powerbet777.com/,"₿, Ξ, Ł, ɱ, ✕, τ, ₮",100%,€100.0,€100,100,Other,casino_logos/powerbet777_casino.webp,0.0,7.3,pros/powerbet777_casino.txt,cons/powerbet777_casino.txt,review/powerbet777_casino.txt
Punterz Casino,https://www.punterz.com/en/casino,"₳, ℬ, ₿, Ƀ, Ð, Ξ, Ł, ✕, τ, ₮",200%,€2000.0,€4000,0,Welcome Bonus,casino_logos/punterz_casino.webp,5.5,7.3,pros/punterz_casino.txt,cons/punterz_casino.txt,review/punterz_casino.txt
Gamdom Casino,https://gamdom.com,"₿, Ð, Ξ, Ł, ✕, τ, ₮, ₵",15%,-,-,0,Cashback Bonus,casino_logos/gamdom_casino.webp,7.6,7.3,pros/gamdom_casino.txt,cons/gamdom_casino.txt,review/gamdom_casino.txt
Winstoria Casino,https://winstoria.com/,"₿, Ξ, Ł",150%,€1000.0,€1500,150,1st Deposit Bonus,casino_logos/winstoria_casino.webp,6.9,7.3,pros/winstoria_casino.txt,cons/winstoria_casino.txt,review/winstoria_casino.txt
Spinarium Casino,https://spinarium.com,"ℬ, ₿, Ξ, Ł, ₮",250%,€1500.0,€3750,100,Other,casino_logos/spinarium_casino.webp,6.1,7.3,pros/spinarium_casino.txt,cons/spinarium_casino.txt,review/spinarium_casino.txt
Anarchy Casino,https://anarchycasino.com/,₿,100%,€1000.0,€1000,0,Other,casino_logos/anarchy_casino.webp,0.0,7.3,pros/anarchy_casino.txt,cons/anarchy_casino.txt,review/anarchy_casino.txt
LuckyHour Casino,http://luckyhour.com/,"₿, Ð, Ξ, Ł, τ, ₮",100%,€500.0,€500,100,Other,casino_logos/luckyhour_casino.webp,7.5,7.3,pros/luckyhour_casino.txt,cons/luckyhour_casino.txt,review/luckyhour_casino.txt
ReadyCasino,https://www.readycasino.com,"₳, ₿, Ð, Ξ, Ł, ✕, τ, ₮",100%,€300.0,€300,100,1st Deposit Bonus,casino_logos/readycasino.webp,0.0,7.3,pros/readycasino.txt,cons/readycasino.txt,review/readycasino.txt
Staxino Casino,https://staxino.com/en/home,"₳, ℬ, ₿, Ƀ, Ξ, ✕, τ, ₮, ₵",100%,-,-,0,1st Deposit Bonus,casino_logos/staxino_casino.webp,6.3,7.3,pros/staxino_casino.txt,cons/staxino_casino.txt,review/staxino_casino.txt
Ivibet Casino,https://ivibet.com/,"₿, Ƀ, Ð, Ξ, Ł, ₮, ₵",100%,-,-,120,Other,casino_logos/ivibet_casino.webp,9.0,6.9,pros/ivibet_casino.txt,cons/ivibet_casino.txt,review/ivibet_casino.txt
Boomerang Casino,https://boomerang-casino.com/en/,₿,100%,€5000.0,€5000,200,Other,casino_logos/boomerang_casino.webp,9.0,7.3,pros/boomerang_casino.txt,cons/boomerang_casino.txt,review/boomerang_casino.txt
Felixspin Casino,https://felixspin.com/,"₿, Ξ, τ, ₮",100%,€250.0,€250,150,Welcome Bonus,casino_logos/felixspin_casino.webp,0.0,6.7,pros/felixspin_casino.txt,cons/felixspin_casino.txt,review/felixspin_casino.txt
SapphireBet Casino,https://sapphirebet.com/en/,"₿, Ł, ₮",100%,€300.0,€300,30,1st Deposit Bonus,casino_logos/sapphirebet_casino.webp,9.0,7.3,pros/sapphirebet_casino.txt,cons/sapphirebet_casino.txt,review/sapphirebet_casino.txt
Rooster Bet Casino,https://www.rooster.bet,"₳, ℬ, ₿, Ƀ, Ð, Ξ, Ł, ✕, τ, ₮",100%,€1000.0,€1000,100,1st Deposit Bonus,casino_logos/rooster_bet_casino.webp,6.8,7.5,pros/rooster_bet_casino.txt,cons/rooster_bet_casino.txt,review/rooster_bet_casino.txt
TiViTBet Casino,https://tivitbet.app/,"₿, Ƀ, Ð, Ξ, Ł, ɱ, τ, ₮",100%,€100000.0,€100000,0,1st Deposit Bonus,casino_logos/tivitbet_casino.webp,8.4,7.3,pros/tivitbet_casino.txt,cons/tivitbet_casino.txt,review/tivitbet_casino.txt
SpinBit Casino,https://www.spinbit.com/,"₿, Ξ, Ł, ₮",100%,-,-,30,Welcome Bonus,casino_logos/spinbit_casino.webp,0.0,7.0,pros/spinbit_casino.txt,cons/spinbit_casino.txt,review/spinbit_casino.txt
Fansport Casino,https://fan-sport.io/en,"₳, ℬ, ₿, Ƀ, Ð, Ξ, Ł, ✕, τ, ₮, ₵",100%,€100.0,€100,25,1st Deposit Bonus,casino_logos/fansport_casino.webp,0.0,7.0,pros/fansport_casino.txt,cons/fansport_casino.txt,review/fansport_casino.txt
Leon Bet Casino,https://leon.bet,"ℬ, ₿, Ð, Ξ, Ł, τ, ₮, ₵",10%,€200.0,€20,0,Cashback Bonus,casino_logos/leon_bet_casino.webp,5.4,7.6,pros/leon_bet_casino.txt,cons/leon_bet_casino.txt,review/leon_bet_casino.txt
BetOnRed Casino,https://betonred.com/,"ℬ, ₿, Ξ, Ł, ✕, τ, ₮",100%,€2300.0,€2300,150,1st Deposit Bonus,casino_logos/betonred_casino.webp,7.3,7.2,pros/betonred_casino.txt,cons/betonred_casino.txt,review/betonred_casino.txt
Lucky Circus Casino,https://luckycircus.com/,"ℬ, ₿, Ƀ, Ð, Ξ, Ł, ✕, ₮",100%,€1500.0,€1500,150,1st Deposit Bonus,casino_logos/lucky_circus_casino.webp,7.0,7.3,pros/lucky_circus_casino.txt,cons/lucky_circus_casino.txt,review/lucky_circus_casino.txt
Betfinal Casino,https://www.betfinal.com/,₿,20%,€200.0,€40,0,Other,casino_logos/betfinal_casino.webp,7.2,7.3,pros/betfinal_casino.txt,cons/betfinal_casino.txt,review/betfinal_casino.txt
Beastino Casino,https://beastino.com/,₿,100%,€250.0,€250,30,1st Deposit Bonus,casino_logos/beastino_casino.webp,7.3,7.3,pros/beastino_casino.txt,cons/beastino_casino.txt,review/beastino_casino.txt
HellSpin Casino,https://hellspin.com/,₿,100%,€100.0,€100,100,1st Deposit Bonus,casino_logos/hellspin_casino.webp,8.2,7.3,pros/hellspin_casino.txt,cons/hellspin_casino.txt,review/hellspin_casino.txt
Rockwin Casino,http://rockwin.io,"₳, ℬ, ₿, Ƀ, Ð, Ξ, Ł, ✕, τ, ₮",100%,€100.0,€100,100,1st Deposit Bonus,casino_logos/rockwin_casino.webp,5.0,7.2,pros/rockwin_casino.txt,cons/rockwin_casino.txt,review/rockwin_casino.txt
CasinoStriker,https://www.casinostriker.com/,"₿, Ƀ, Ð, Ξ, Ł, ₮",200%,€8000.0,€16000,100,1st Deposit Bonus,casino_logos/casinostriker.webp,10.0,7.2,pros/casinostriker.txt,cons/casinostriker.txt,review/casinostriker.txt
Winmaker Casino,https://www.winmaker.com/,"₳, ℬ, ₿, Ƀ, Ð, Ξ, Ł, ✕, τ, ₮",100%,€1000.0,€1000,100,1st Deposit Bonus,casino_logos/winmaker_casino.webp,8.3,7.4,pros/winmaker_casino.txt,cons/winmaker_casino.txt,review/winmaker_casino.txt
KingsWin Casino,https://www.kingswin.com,₿,100%,€100.0,€100,55,1st Deposit Bonus,casino_logos/kingswin_casino.webp,6.0,7.2,pros/kingswin_casino.txt,cons/kingswin_casino.txt,review/kingswin_casino.txt
Koi Casino,https://www.koicasino.com/,₿,100%,€500.0,€500,0,Other,casino_logos/koi_casino.webp,5.3,7.2,pros/koi_casino.txt,cons/koi_casino.txt,review/koi_casino.txt
Treasure Spins Casino,https://treasurespins.com,"₿, Ƀ, Ξ, Ł, ₮",180%,€1800.0,€3240,0,Other,casino_logos/treasure_spins_casino.webp,7.3,7.2,pros/treasure_spins_casino.txt,cons/treasure_spins_casino.txt,review/treasure_spins_casino.txt
Wizebets Casino,https://wizebets.com,₿,100%,€100.0,€100,100,1st Deposit Bonus,casino_logos/wizebets_casino.webp,9.0,7.2,pros/wizebets_casino.txt,cons/wizebets_casino.txt,review/wizebets_casino.txt
Betssen Casino,https://www.betssen.com,₿,125%,€500.0,€625,150,1st Deposit Bonus,casino_logos/betssen_casino.webp,8.0,7.2,pros/betssen_casino.txt,cons/betssen_casino.txt,review/betssen_casino.txt
Slotsflix Casino,https://www.slotsflix.com,₿,100%,€1000.0,€1000,25,1st Deposit Bonus,casino_logos/slotsflix_casino.webp,8.5,7.2,pros/slotsflix_casino.txt,cons/slotsflix_casino.txt,review/slotsflix_casino.txt
Slots City Casino,https://slotscity.com,₿,125%,€1250.0,€1562,50,1st Deposit Bonus,casino_logos/slots_city_casino.webp,9.5,7.2,pros/slots_city_casino.txt,cons/slots_city_casino.txt,review/slots_city_casino.txt
Rolletto Casino,https://rolletto.com/,"₿, Ƀ, Ð, Ξ, Ł, ɱ, ✕, ₮, ₵",100%,€1000.0,€1000,50,Other,casino_logos/rolletto_casino.webp,7.6,7.2,pros/rolletto_casino.txt,cons/rolletto_casino.txt,review/rolletto_casino.txt
WSM Casino,https://www.wsmcasino.com/,"₳, ℬ, ₿, Ƀ, Ð, Ξ, Ł, ✕, τ, ₮",200%,€25000.0,€50000,10,Other,casino_logos/wsm_casino.webp,9.4,7.2,pros/wsm_casino.txt,cons/wsm_casino.txt,review/wsm_casino.txt
Megarich Casino,https://megarich.com/en,"₿, Ð, Ξ, Ł, τ, ₮",100%,€1000.0,€1000,100,1st Deposit Bonus,casino_logos/megarich_casino.webp,0.0,6.6,pros/megarich_casino.txt,cons/megarich_casino.txt,review/megarich_casino.txt
FatPirate Casino,https://fatpirate.com/,"₿, Ð, Ł, ₮",100%,€500.0,€500,200,Welcome Bonus,casino_logos/fatpirate_casino.webp,0.0,6.6,pros/fatpirate_casino.txt,cons/fatpirate_casino.txt,review/fatpirate_casino.txt
Casiny Casino,https://www.casiny.com/,"₿, Ξ, Ł, ₮",100%,€500.0,€500,100,1st Deposit Bonus,casino_logos/casiny_casino.webp,10.0,7.2,pros/casiny_casino.txt,cons/casiny_casino.txt,review/casiny_casino.txt
LuckyStar Casino,http://www.luckystar.io,"₿, Ξ, Ł, ✕",150%,-,-,50,1st Deposit Bonus,casino_logos/luckystar_casino.webp,7.2,7.2,pros/luckystar_casino.txt,cons/luckystar_casino.txt,review/luckystar_casino.txt
Buumi Casino,https://www.buumi.com,"₿, Ƀ, Ξ, Ł",100%,€5000.0,€5000,0,Other,casino_logos/buumi_casino.webp,2.8,7.2,pros/buumi_casino.txt,cons/buumi_casino.txt,review/buumi_casino.txt
Divas Luck Casino,https://divasluckcasino.com,₿,180%,€1000.0,€1800,0,Other,casino_logos/divas_luck_casino.webp,6.2,7.2,pros/divas_luck_casino.txt,cons/divas_luck_casino.txt,review/divas_luck_casino.txt
Skycrown Casino,https://www.skycrown.com/,"₳, ₿, Ƀ, Ð, Ξ, Ł, ✕, τ, ₮",120%,€500.0,€600,125,1st Deposit Bonus,casino_logos/skycrown_casino.webp,5.6,7.2,pros/skycrown_casino.txt,cons/skycrown_casino.txt,review/skycrown_casino.txt
Betmartini Casino,https://www.betmartini.com,₿,100%,€500.0,€500,0,Other,casino_logos/betmartini_casino.webp,6.0,6.9,pros/betmartini_casino.txt,cons/betmartini_casino.txt,review/betmartini_casino.txt
Monixbet Casino,https://monixbet.com/,"₿, Ƀ, Ð, Ξ, Ł, ₮",100%,€500.0,€500,100,1st Deposit Bonus,casino_logos/monixbet_casino.webp,9.0,7.2,pros/monixbet_casino.txt,cons/monixbet_casino.txt,review/monixbet_casino.txt
TikiTaka Casino,https://tikitaka.com/,₿,100%,€500.0,€500,200,Other,casino_logos/tikitaka_casino.webp,0.0,6.3,pros/tikitaka_casino.txt,cons/tikitaka_casino.txt,review/tikitaka_casino.txt
HappySpins Casino,https://www.happyspins.com/,₿,200%,€1000.0,€2000,0,Welcome Bonus,casino_logos/happyspins_casino.webp,3.8,7.1,pros/happyspins_casino.txt,cons/happyspins_casino.txt,review/happyspins_casino.txt
Wasino Casino,https://wasino.com/,"₳, ℬ, ₿, Ƀ, Ð, Ξ, Ł, ✕, τ, ₮, ₵",150%,€500.0,€750,100,1st Deposit Bonus,casino_logos/wasino_casino.webp,9.7,7.1,pros/wasino_casino.txt,cons/wasino_casino.txt,review/wasino_casino.txt
Funbet Casino,https://funbet.com/,"₿, Ð, Ł, ₮",100%,€500.0,€500,200,Welcome Bonus,casino_logos/funbet_casino.webp,8.0,6.6,pros/funbet_casino.txt,cons/funbet_casino.txt,review/funbet_casino.txt
Pin-up Casino,https://www.pin-up.world,₿,120%,€5000.0,€6000,250,Other,casino_logos/pin-up_casino.webp,9.3,7.3,pros/pin-up_casino.txt,cons/pin-up_casino.txt,review/pin-up_casino.txt
HappySlots Casino,http://happyslots.com/,"ℬ, ₿, Ƀ, Ð, Ξ, Ł, ✕, τ, ₮, ₵",200%,€2000.0,€4000,0,Welcome Bonus,casino_logos/happyslots_casino.webp,6.3,7.1,pros/happyslots_casino.txt,cons/happyslots_casino.txt,review/happyslots_casino.txt
SpinyBet Casino,https://spinybet.com/,₿,100%,€300.0,€300,0,1st Deposit Bonus,casino_logos/spinybet_casino.webp,0.0,6.5,pros/spinybet_casino.txt,cons/spinybet_casino.txt,review/spinybet_casino.txt
Omni Slots Casino,http://www.omnislots.com,₿,100%,€300.0,€300,50,1st Deposit Bonus,casino_logos/omni_slots_casino.webp,6.4,7.1,pros/omni_slots_casino.txt,cons/omni_slots_casino.txt,review/omni_slots_casino.txt
NorgesSpill Casino,http://www.norgesspill.com,₿,100%,€2500.0,€2500,0,Other,casino_logos/norgesspill_casino.webp,8.0,7.1,pros/norgesspill_casino.txt,cons/norgesspill_casino.txt,review/norgesspill_casino.txt
Lucy's Casino,https://lucyscasino.com/,₿,140%,€1000.0,€1400,0,Other,casino_logos/lucys_casino.webp,6.7,7.1,pros/lucys_casino.txt,cons/lucys_casino.txt,review/lucys_casino.txt
Solisbet Casino,https://solisbet.com/,"₳, ℬ, ₿, Ƀ, Ð, Ξ, Ł, ₮",100%,€400.0,€400,0,1st Deposit Bonus,casino_logos/solisbet_casino.webp,9.2,7.1,pros/solisbet_casino.txt,cons/solisbet_casino.txt,review/solisbet_casino.txt
Genie Jackpot Casino,http://geniejackpot.com/,"₳, ₿, Ƀ, Ð, Ξ, Ł, ✕, τ, ₮, ₵",125%,€1.0,€1,50,Other,casino_logos/genie_jackpot_casino.webp,8.0,6.3,pros/genie_jackpot_casino.txt,cons/genie_jackpot_casino.txt,review/genie_jackpot_casino.txt
Haz Casino,https://www.hazcasino.com/en/,₿,100%,€300.0,€300,25,1st Deposit Bonus,casino_logos/haz_casino.webp,7.3,7.1,pros/haz_casino.txt,cons/haz_casino.txt,review/haz_casino.txt
Red Dice Casino,https://www.reddice.com,₿,200%,€1000.0,€2000,0,Other,casino_logos/red_dice_casino.webp,0.0,7.1,pros/red_dice_casino.txt,cons/red_dice_casino.txt,review/red_dice_casino.txt
Casinobet Casino,https://www.casinobet.com/,"₿, Ð, Ξ, Ł, ✕, ₮",100%,€1000.0,€1000,0,Welcome Bonus,casino_logos/casinobet_casino.webp,10.0,7.1,pros/casinobet_casino.txt,cons/casinobet_casino.txt,review/casinobet_casino.txt
Auf Casino,http://aufcasino.com/,"₿, Ξ, Ł, τ, ₮, ₵",100%,€15000.0,€15000,0,1st Deposit Bonus,casino_logos/auf_casino.webp,8.0,7.1,pros/auf_casino.txt,cons/auf_casino.txt,review/auf_casino.txt
Rizz Casino,https://rizzcasino.com/,"₿, Ξ, Ł, ₮",100%,€500.0,€500,100,1st Deposit Bonus,casino_logos/rizz_casino.webp,0.0,7.1,pros/rizz_casino.txt,cons/rizz_casino.txt,review/rizz_casino.txt
GreatSpin Casino,https://www.greatspin.com,₿,100%,€1000.0,€1000,50,1st Deposit Bonus,casino_logos/greatspin_casino.webp,10.0,7.1,pros/greatspin_casino.txt,cons/greatspin_casino.txt,review/greatspin_casino.txt
Zotabet Casino,https://www.zotabet.com,"₳, ℬ, ₿, Ƀ, Ð, Ξ, Ł, ✕, τ, ₮",100%,€100000.0,€100000,100,Welcome Bonus,casino_logos/zotabet_casino.webp,6.5,7.1,pros/zotabet_casino.txt,cons/zotabet_casino.txt,review/zotabet_casino.txt
Cosmobet Casino,https://www.cosmobet.com,₿,150%,€500.0,€750,0,1st Deposit Bonus,casino_logos/cosmobet_casino.webp,9.0,7.1,pros/cosmobet_casino.txt,cons/cosmobet_casino.txt,review/cosmobet_casino.txt
JackpotFrenzy Casino,https://jackpotfrenzy.com/en/,"ℬ, ₿, Ð, Ξ, Ł, τ, ₮",100%,€500.0,€500,200,Other,casino_logos/jackpotfrenzy_casino.webp,5.5,7.1,pros/jackpotfrenzy_casino.txt,cons/jackpotfrenzy_casino.txt,review/jackpotfrenzy_casino.txt
Nitrobet Casino,https://nitrobetcasino.com/,"₿, Ð, Ξ, Ł, τ, ₮",150%,€500.0,€750,100,1st Deposit Bonus,casino_logos/nitrobet_casino.webp,0.0,6.5,pros/nitrobet_casino.txt,cons/nitrobet_casino.txt,review/nitrobet_casino.txt
Horus Casino,http://www.horuscasino.com,"₿, Ξ, Ł, ✕",100%,€200.0,€200,25,1st Deposit Bonus,casino_logos/horus_casino.webp,7.1,7.1,pros/horus_casino.txt,cons/horus_casino.txt,review/horus_casino.txt
Wir Wetten Casino,https://www.wirwetten.com/en/casino,₿,100%,€500.0,€500,0,Other,casino_logos/wir_wetten_casino.webp,7.7,7.1,pros/wir_wetten_casino.txt,cons/wir_wetten_casino.txt,review/wir_wetten_casino.txt
QuickSlot Casino,https://www.quickslot.com/,"₿, Ƀ, Ξ, Ł",200%,€1000.0,€2000,0,Welcome Bonus,casino_logos/quickslot_casino.webp,1.0,7.1,pros/quickslot_casino.txt,cons/quickslot_casino.txt,review/quickslot_casino.txt
ProntoBet Casino,https://www.prontobet.com/en/casino,"₿, Ƀ, Ð, Ξ, Ł, τ, ₮",200%,€2000.0,€4000,0,Welcome Bonus,casino_logos/prontobet_casino.webp,0.0,7.1,pros/prontobet_casino.txt,cons/prontobet_casino.txt,review/prontobet_casino.txt
OSH Casino,https://oshcasino.com/,"₿, Ð, Ξ, Ł, τ, ₮",100%,€300.0,€300,60,1st Deposit Bonus,casino_logos/osh_casino.webp,0.0,7.0,pros/osh_casino.txt,cons/osh_casino.txt,review/osh_casino.txt
Bitsler Casino,https://www.bitsler.com,"₳, ℬ, ₿, Ƀ, Ð, Ξ, Ł, ✕, τ, ₮, ₵",200%,€2000.0,€4000,500,Other,casino_logos/bitsler_casino.webp,8.6,7.5,pros/bitsler_casino.txt,cons/bitsler_casino.txt,review/bitsler_casino.txt
Jackbit Casino,https://jackbit.com,"ℬ, ₿, Ƀ, Ð, Ξ, Ł, ɱ, ✕, τ, ₮, ₵",-,-,-,100,Other,casino_logos/jackbit_casino.webp,9.3,7.8,pros/jackbit_casino.txt,cons/jackbit_casino.txt,review/jackbit_casino.txt
Pan-Casino,https://pan-casino.com/en,₿,100%,€1000.0,€1000,0,1st Deposit Bonus,casino_logos/pan-casino.webp,8.0,7.1,pros/pan-casino.txt,cons/pan-casino.txt,review/pan-casino.txt
Riviera Casino,https://www.rivieracasino.com/,"₿, Ƀ, Ξ, Ł, ₮",100%,€500.0,€500,50,1st Deposit Bonus,casino_logos/riviera_casino.webp,0.0,6.7,pros/riviera_casino.txt,cons/riviera_casino.txt,review/riviera_casino.txt
LyraCasino,https://www.lyracasino.com/,"₳, ₿, Ƀ, Ð, Ξ, Ł, ✕, τ, ₮",200%,€10000.0,€20000,0,Welcome Bonus,casino_logos/lyracasino.webp,0.0,7.0,pros/lyracasino.txt,cons/lyracasino.txt,review/lyracasino.txt
Jacktop Casino,https://jacktop.com,₿,100%,€500.0,€500,100,1st Deposit Bonus,casino_logos/jacktop_casino.webp,8.9,7.0,pros/jacktop_casino.txt,cons/jacktop_casino.txt,review/jacktop_casino.txt
Vave Casino,https://vave.com/,"₿, Ƀ, Ð, Ξ, Ł, ✕, τ, ₮",150%,€1.0,€2,100,1st Deposit Bonus,casino_logos/vave_casino.webp,8.1,7.1,pros/vave_casino.txt,cons/vave_casino.txt,review/vave_casino.txt
SpinFever Casino,https://www.spinfever.com,"₳, ℬ, ₿, Ƀ, Ð, Ξ, Ł, ✕, τ, ₮",125%,€500.0,€625,50,Other,casino_logos/spinfever_casino.webp,4.0,7.0,pros/spinfever_casino.txt,cons/spinfever_casino.txt,review/spinfever_casino.txt
Dailyspins Casino,https://dailyspins.com/,"₳, ₿, Ƀ, Ð, Ξ, Ł, τ, ₮",100%,€500.0,€500,200,1st Deposit Bonus,casino_logos/dailyspins_casino.webp,7.0,7.0,pros/dailyspins_casino.txt,cons/dailyspins_casino.txt,review/dailyspins_casino.txt
Whamoo Casino,https://whamoo.com/en-int/,"₿, Ƀ, Ð, Ξ, Ł, ✕, ₮",100%,€200.0,€200,50,1st Deposit Bonus,casino_logos/whamoo_casino.webp,3.3,7.0,pros/whamoo_casino.txt,cons/whamoo_casino.txt,review/whamoo_casino.txt
1xSlots Casino,https://1xslot.com/,Ð,100%,€300.0,€300,30,1st Deposit Bonus,casino_logos/1xslots_casino.webp,5.8,7.2,pros/1xslots_casino.txt,cons/1xslots_casino.txt,review/1xslots_casino.txt
Mystake Casino,https://mystake.com/en/,"₿, Ƀ, Ξ, Ł, ✕, ₮",100%,-,-,0,Other,casino_logos/mystake_casino.webp,9.2,7.0,pros/mystake_casino.txt,cons/mystake_casino.txt,review/mystake_casino.txt
Rooli Casino,https://www.rooli.com,"ℬ, ₿, Ƀ, Ð, Ξ, Ł, ✕, τ, ₮",100%,€500.0,€500,200,1st Deposit Bonus,casino_logos/rooli_casino.webp,4.7,7.0,pros/rooli_casino.txt,cons/rooli_casino.txt,review/rooli_casino.txt
LuckyChoo Casino,https://luckychoo.com/,"₿, Ƀ, Ð, Ξ, Ł, ✕, τ, ₮",150%,€1000.0,€1500,50,Other,casino_logos/luckychoo_casino.webp,8.0,7.0,pros/luckychoo_casino.txt,cons/luckychoo_casino.txt,review/luckychoo_casino.txt
Winning Casino,https://www.winning.io,"₳, ℬ, ₿, Ƀ, Ð, Ξ, Ł, ✕, τ, ₮",100%,€310.0,€310,150,Other,casino_logos/winning_casino.webp,4.6,7.0,pros/winning_casino.txt,cons/winning_casino.txt,review/winning_casino.txt
Monro Casino,https://monro.casino,₿,50%,€300.0,€150,0,1st Deposit Bonus,casino_logos/monro_casino.webp,6.0,7.0,pros/monro_casino.txt,cons/monro_casino.txt,review/monro_casino.txt
Marsbet Casino,https://www.marsbet.com/en/,"₿, Ξ, τ, ₮",100%,€200.0,€200,100,Other,casino_logos/marsbet_casino.webp,5.1,7.0,pros/marsbet_casino.txt,cons/marsbet_casino.txt,review/marsbet_casino.txt
Hiperwin Casino,https://www.hiperwin.com,₿,100%,€200.0,€200,20,1st Deposit Bonus,casino_logos/hiperwin_casino.webp,7.0,7.0,pros/hiperwin_casino.txt,cons/hiperwin_casino.txt,review/hiperwin_casino.txt
Cashwin Casino,https://www.cashwin.com/,₿,100%,€1000.0,€1000,50,1st Deposit Bonus,casino_logos/cashwin_casino.webp,7.4,6.9,pros/cashwin_casino.txt,cons/cashwin_casino.txt,review/cashwin_casino.txt
Bitcoin Games Casino,https://games.bitcoin.com/,"₿, Ƀ",15%,-,-,0,Cashback Bonus,casino_logos/bitcoin_games_casino.webp,9.3,6.9,pros/bitcoin_games_casino.txt,cons/bitcoin_games_casino.txt,review/bitcoin_games_casino.txt
Spades Queen Casino,https://www.spadesqueen.com/,"ℬ, ₿, Ƀ, Ð, Ξ, Ł, ✕, τ, ₮",125%,€2000.0,€2500,250,1st Deposit Bonus,casino_logos/spades_queen_casino.webp,4.5,7.0,pros/spades_queen_casino.txt,cons/spades_queen_casino.txt,review/spades_queen_casino.txt
Amerio Bet Casino,https://amerio.bet/en,"₳, ℬ, ₿, Ƀ, Ð, Ξ, Ł, ɱ, ✕, τ, ₮, ₵",150%,€1000.0,€1500,50,Other,casino_logos/amerio_bet_casino.webp,6.6,6.9,pros/amerio_bet_casino.txt,cons/amerio_bet_casino.txt,review/amerio_bet_casino.txt
Trino Casino,https://trinocasino.com/,₿,110%,€1000.0,€1100,0,1st Deposit Bonus,casino_logos/trino_casino.webp,6.8,7.0,pros/trino_casino.txt,cons/trino_casino.txt,review/trino_casino.txt
Shangri La Casino,https://shangrila.com/,₿,100%,€10000.0,€10000,200,1st Deposit Bonus,casino_logos/shangri_la_casino.webp,7.4,7.0,pros/shangri_la_casino.txt,cons/shangri_la_casino.txt,review/shangri_la_casino.txt
Rickycasino,https://www.rickycasino.com,₿,-,-,-,0,Other,casino_logos/rickycasino.webp,7.4,7.0,pros/rickycasino.txt,cons/rickycasino.txt,review/rickycasino.txt
1Go Casino,https://1go.casino/,"₿, Ƀ, Ð, Ξ, Ł, ✕, τ, ₮",50%,€300.0,€150,0,1st Deposit Bonus,casino_logos/1go_casino.webp,0.0,7.0,pros/1go_casino.txt,cons/1go_casino.txt,review/1go_casino.txt
BetifyMe Casino,https://www.betifyme.com/,"₿, Ƀ, Ð, Ξ, Ł, ✕, τ, ₮",100%,€100.0,€100,0,1st Deposit Bonus,casino_logos/betifyme_casino.webp,0.0,6.9,pros/betifyme_casino.txt,cons/betifyme_casino.txt,review/betifyme_casino.txt
Legiano Casino,https://legiano.com/en/,"₿, Ð, Ł, ₮",100%,€500.0,€500,200,Other,casino_logos/legiano_casino.webp,4.7,5.9,pros/legiano_casino.txt,cons/legiano_casino.txt,review/legiano_casino.txt
Slottica Casino,https://slottica.com/en,₿,200%,€200.0,€400,0,Other,casino_logos/slottica_casino.webp,5.0,6.9,pros/slottica_casino.txt,cons/slottica_casino.txt,review/slottica_casino.txt
HotSlots Casino,https://hotslots.io/,₿,50%,€250.0,€125,0,1st Deposit Bonus,casino_logos/hotslots_casino.webp,6.4,6.9,pros/hotslots_casino.txt,cons/hotslots_casino.txt,review/hotslots_casino.txt
Coins Game Casino,https://coins.game,"₳, ℬ, ₿, Ƀ, Ð, Ξ, Ł, ✕, τ, ₮, ₵",100%,€1000.0,€1000,50,Other,casino_logos/coins_game_casino.webp,5.8,6.9,pros/coins_game_casino.txt,cons/coins_game_casino.txt,review/coins_game_casino.txt
Winscore Casino,https://winscore.com/,₿,100%,€200.0,€200,0,1st Deposit Bonus,casino_logos/winscore_casino.webp,7.0,7.1,pros/winscore_casino.txt,cons/winscore_casino.txt,review/winscore_casino.txt
WinsRoyal Casino,https://winsroyal.com,₿,100%,€500.0,€500,50,1st Deposit Bonus,casino_logos/winsroyal_casino.webp,8.0,6.9,pros/winsroyal_casino.txt,cons/winsroyal_casino.txt,review/winsroyal_casino.txt
Onedun Casino,https://onedun.com/,"₿, Ƀ, Ð, Ł, ₮",166%,€500.0,€830,198,1st Deposit Bonus,casino_logos/onedun_casino.webp,10.0,6.9,pros/onedun_casino.txt,cons/onedun_casino.txt,review/onedun_casino.txt
Unlim Casino,https://unlimcasino.com,"ℬ, ₿, Ξ, Ł, ₮, ₵",200%,€10000.0,€20000,0,Welcome Bonus,casino_logos/unlim_casino.webp,0.0,6.9,pros/unlim_casino.txt,cons/unlim_casino.txt,review/unlim_casino.txt
SlottoJAM Casino,https://slottojam.com/,"₿, Ξ, Ł, ₮",100%,€200.0,€200,0,1st Deposit Bonus,casino_logos/slottojam_casino.webp,8.0,6.9,pros/slottojam_casino.txt,cons/slottojam_casino.txt,review/slottojam_casino.txt
SpinsUP Casino,https://www.spinsup.com/,"₳, ℬ, ₿, Ƀ, Ð, Ξ, Ł, ✕, τ, ₮",100%,€10000.0,€10000,100,1st Deposit Bonus,casino_logos/spinsup_casino.webp,7.7,7.5,pros/spinsup_casino.txt,cons/spinsup_casino.txt,review/spinsup_casino.txt
EmuCasino,http://www.emucasino.com,₿,100%,€100.0,€100,0,1st Deposit Bonus,casino_logos/emucasino.webp,5.7,6.9,pros/emucasino.txt,cons/emucasino.txt,review/emucasino.txt
Brango Casino,https://casinobrango.com/,₿,600%,€5000.0,€30000,0,Other,casino_logos/brango_casino.webp,7.5,6.9,pros/brango_casino.txt,cons/brango_casino.txt,review/brango_casino.txt
Sunplay Casino,https://sunplay.casino,"₿, Ð, Ξ, Ł, τ, ₮",150%,€150.0,€225,0,1st Deposit Bonus,casino_logos/sunplay_casino.webp,0.0,6.9,pros/sunplay_casino.txt,cons/sunplay_casino.txt,review/sunplay_casino.txt
RoyalGame Casino,https://royalgame.com/en/,"₿, Ð, Ł, ₮",100%,€500.0,€500,200,Other,casino_logos/royalgame_casino.webp,4.5,6.4,pros/royalgame_casino.txt,cons/royalgame_casino.txt,review/royalgame_casino.txt
Avocasino,https://avocasino.com/,₿,100%,€300.0,€300,50,1st Deposit Bonus,casino_logos/avocasino.webp,9.0,7.1,pros/avocasino.txt,cons/avocasino.txt,review/avocasino.txt
Slotparadise Casino,https://www.slotparadise.com/en/casino,"₿, Ƀ, Ξ, Ł",200%,€10000.0,€20000,0,Other,casino_logos/slotparadise_casino.webp,2.7,6.9,pros/slotparadise_casino.txt,cons/slotparadise_casino.txt,review/slotparadise_casino.txt
Betflare Casino,https://betflare.io/en,"₳, ℬ, ₿, Ð, Ξ, Ł, ✕, τ, ₮, ₵",150%,€500.0,€750,100,Other,casino_logos/betflare_casino.webp,8.0,6.9,pros/betflare_casino.txt,cons/betflare_casino.txt,review/betflare_casino.txt
Wonaco Casino,https://wonaco.com/en/,"₿, Ð, Ł, ₮",100%,€500.0,€500,200,Welcome Bonus,casino_logos/wonaco_casino.webp,0.0,6.6,pros/wonaco_casino.txt,cons/wonaco_casino.txt,review/wonaco_casino.txt
Casinozer Casino,https://casinozer.com/en,₿,100%,€500.0,€500,50,Other,casino_logos/casinozer_casino.webp,8.0,6.9,pros/casinozer_casino.txt,cons/casinozer_casino.txt,review/casinozer_casino.txt
Stupid Casino,https://www.stupidcasino.com/en,"ℬ, ₿, Ƀ, Ð, Ξ, Ł, ɱ, ✕, τ, ₮",100%,€300.0,€300,100,Other,casino_logos/stupid_casino.webp,5.0,6.9,pros/stupid_casino.txt,cons/stupid_casino.txt,review/stupid_casino.txt
ReSpin Casino,https://respin.com/en/casino/,"₳, ℬ, ₿, Ƀ, Ð, Ξ, Ł, ✕, τ, ₮, ₵",-,-,-,0,Welcome Bonus,casino_logos/respin_casino.webp,0.0,6.9,pros/respin_casino.txt,cons/respin_casino.txt,review/respin_casino.txt
BuranCasino,http://burancasino.com,"₿, Ξ, Ł, ✕",100%,€5000.0,€5000,200,Other,casino_logos/burancasino.webp,6.0,6.9,pros/burancasino.txt,cons/burancasino.txt,review/burancasino.txt
Bizzo Casino,https://bizzocasino.com,"₿, Ξ, Ł",125%,€125.0,€156,125,1st Deposit Bonus,casino_logos/bizzo_casino.webp,8.9,6.7,pros/bizzo_casino.txt,cons/bizzo_casino.txt,review/bizzo_casino.txt
MoiCasino,https://www.moicasino.com/,"₳, ℬ, ₿, Ƀ, Ð, Ξ, Ł, ✕, τ, ₮",200%,€10000.0,€20000,0,Welcome Bonus,casino_logos/moicasino.webp,4.5,6.9,pros/moicasino.txt,cons/moicasino.txt,review/moicasino.txt
Spinight Casino,https://spinight.com/,"₿, Ð, Ł, ₮",100%,€500.0,€500,200,Welcome Bonus,casino_logos/spinight_casino.webp,6.0,6.4,pros/spinight_casino.txt,cons/spinight_casino.txt,review/spinight_casino.txt
Jackpot Guru Casino,https://www.jackpotguru.com/en,"ℬ, ₿, Ƀ, Ξ, Ł, ✕, ₮",100%,€1000.0,€1000,20,Other,casino_logos/jackpot_guru_casino.webp,8.0,6.9,pros/jackpot_guru_casino.txt,cons/jackpot_guru_casino.txt,review/jackpot_guru_casino.txt
Grandwin Casino,https://grandwin.com/,₿,125%,€125.0,€156,0,1st Deposit Bonus,casino_logos/grandwin_casino.webp,0.0,6.9,pros/grandwin_casino.txt,cons/grandwin_casino.txt,review/grandwin_casino.txt
Silverplay Casino,https://silverplay.com/online-casino,₿,125%,€125.0,€156,0,1st Deposit Bonus,casino_logos/silverplay_casino.webp,0.0,6.9,pros/silverplay_casino.txt,cons/silverplay_casino.txt,review/silverplay_casino.txt
Starda Casino,https://starda.casino,"₿, Ƀ, Ð, Ξ, Ł, τ, ₮",100%,€300.0,€300,0,1st Deposit Bonus,casino_logos/starda_casino.webp,5.7,6.9,pros/starda_casino.txt,cons/starda_casino.txt,review/starda_casino.txt
BK8 Casino,https://www.bk8win8.com/,"₿, Ξ, ₮",100%,€100.0,€100,0,Other,casino_logos/bk8_casino.webp,8.0,6.9,pros/bk8_casino.txt,cons/bk8_casino.txt,review/bk8_casino.txt
PlayMojo Casino,https://www.playmojo.com/,"₳, ℬ, ₿, Ƀ, Ð, Ξ, Ł, ✕, τ, ₮",100%,€1000.0,€1000,100,1st Deposit Bonus,casino_logos/playmojo_casino.webp,7.0,8.2,pros/playmojo_casino.txt,cons/playmojo_casino.txt,review/playmojo_casino.txt
50 Crowns Casino,https://www.50crowns.com,"₳, ℬ, ₿, Ƀ, Ð, Ξ, Ł, ✕, τ, ₮",100%,€500.0,€500,100,1st Deposit Bonus,casino_logos/50_crowns_casino.webp,1.8,6.8,pros/50_crowns_casino.txt,cons/50_crowns_casino.txt,review/50_crowns_casino.txt
55BET Casino,https://www.55bet.com/,₿,100%,€100.0,€100,0,Other,casino_logos/55bet_casino.webp,6.3,6.8,pros/55bet_casino.txt,cons/55bet_casino.txt,review/55bet_casino.txt
Blitz-bet Casino,https://blitz-bet.com/,"₿, Ð, Ξ, Ł, τ, ₮",75%,€200.0,€150,100,1st Deposit Bonus,casino_logos/blitz-bet_casino.webp,0.0,6.4,pros/blitz-bet_casino.txt,cons/blitz-bet_casino.txt,review/blitz-bet_casino.txt
BlueLeo Casino,http://blueleo.com/,"₿, Ƀ, Ð, Ξ, Ł, ₮",110%,€5500.0,€6050,100,Other,casino_logos/blueleo_casino.webp,8.0,6.8,pros/blueleo_casino.txt,cons/blueleo_casino.txt,review/blueleo_casino.txt
JohnVegasCasino,https://www.johnvegascasino.com/,"₿, ₮",100%,€1500.0,€1500,100,1st Deposit Bonus,casino_logos/johnvegascasino.webp,9.5,8.3,pros/johnvegascasino.txt,cons/johnvegascasino.txt,review/johnvegascasino.txt
WinTomato Casino,https://wintomato.com,"₿, Ƀ, Ð, Ξ, Ł, ✕, ₮",100%,€500.0,€500,300,Other,casino_logos/wintomato_casino.webp,7.1,6.8,pros/wintomato_casino.txt,cons/wintomato_casino.txt,review/wintomato_casino.txt
Billy Billion Casino,https://www.billybillion.com,"₳, ℬ, Ƀ, Ξ, Ł, ✕, ₮",100%,€5000.0,€5000,100,1st Deposit Bonus,casino_logos/billy_billion_casino.webp,7.0,6.8,pros/billy_billion_casino.txt,cons/billy_billion_casino.txt,review/billy_billion_casino.txt
PowerUp Casino,https://powerupcasino.com/,"₿, Ƀ, Ξ, Ł, ✕, ₮, ₵",150%,€1000.0,€1500,300,Other,casino_logos/powerup_casino.webp,8.8,7.1,pros/powerup_casino.txt,cons/powerup_casino.txt,review/powerup_casino.txt
Kirgo Casino,https://kirgo.com,"₳, ₿, Ƀ, Ð, Ξ, Ł, ✕, τ, ₮, ₵",200%,-,-,0,1st Deposit Bonus,casino_logos/kirgo_casino.webp,0.0,6.8,pros/kirgo_casino.txt,cons/kirgo_casino.txt,review/kirgo_casino.txt
Crownslots Casino,http://crownslots.com/,"₿, Ð, Ξ, Ł, ✕, ₮",100%,€800.0,€800,100,1st Deposit Bonus,casino_logos/crownslots_casino.webp,0.0,6.8,pros/crownslots_casino.txt,cons/crownslots_casino.txt,review/crownslots_casino.txt
Kaulana Casino,https://kaulanacasino.com/,₿,100%,€1000.0,€1000,20,1st Deposit Bonus,casino_logos/kaulana_casino.webp,4.4,6.8,pros/kaulana_casino.txt,cons/kaulana_casino.txt,review/kaulana_casino.txt
Bankonbet Casino,https://bankonbet.com,₿,100%,€5000.0,€5000,200,Other,casino_logos/bankonbet_casino.webp,5.2,6.5,pros/bankonbet_casino.txt,cons/bankonbet_casino.txt,review/bankonbet_casino.txt
Legzo Casino,https://legzo.casino,₿,-,-,-,100,Other,casino_logos/legzo_casino.webp,1.0,6.8,pros/legzo_casino.txt,cons/legzo_casino.txt,review/legzo_casino.txt
Kripty Casino,https://www.kripty.com/en,"₳, ℬ, ₿, Ƀ, Ð, Ξ, Ł, ✕, τ, ₮, ₵",-,-,-,90,Other,casino_logos/kripty_casino.webp,7.0,6.9,pros/kripty_casino.txt,cons/kripty_casino.txt,review/kripty_casino.txt
Casinova Casino,https://casinova.com/,"₿, Ð, Ł, ₮",100%,€500.0,€500,0,1st Deposit Bonus,casino_logos/casinova_casino.webp,8.0,7.2,pros/casinova_casino.txt,cons/casinova_casino.txt,review/casinova_casino.txt
22bet Casino,https://22bet.com,"₳, ₿, Ƀ, Ð, Ξ, Ł, ɱ, ✕, τ, ₮",100%,€300.0,€300,0,Other,casino_logos/22bet_casino.webp,8.3,8.3,pros/22bet_casino.txt,cons/22bet_casino.txt,review/22bet_casino.txt
Jackburst Casino,https://jackburst.com,₿,100%,€300.0,€300,0,Other,casino_logos/jackburst_casino.webp,0.0,6.8,pros/jackburst_casino.txt,cons/jackburst_casino.txt,review/jackburst_casino.txt
Sherbet Casino,https://sherbet.com,₿,100%,€250.0,€250,20,1st Deposit Bonus,casino_logos/sherbet_casino.webp,9.2,6.8,pros/sherbet_casino.txt,cons/sherbet_casino.txt,review/sherbet_casino.txt
ReloadBet Casino,https://www.reloadbet.com/,"Ξ, Ł, ₮",200%,€300.0,€600,100,Other,casino_logos/reloadbet_casino.webp,0.0,6.8,pros/reloadbet_casino.txt,cons/reloadbet_casino.txt,review/reloadbet_casino.txt
HappyHugo Casino,https://www.happyhugocasino.com/,₿,100%,€300.0,€300,50,1st Deposit Bonus,casino_logos/happyhugo_casino.webp,6.7,6.8,pros/happyhugo_casino.txt,cons/happyhugo_casino.txt,review/happyhugo_casino.txt
Lucky Spins Casino,https://luckyspins.com,₿,100%,€2000.0,€2000,100,Other,casino_logos/lucky_spins_casino.webp,1.0,6.8,pros/lucky_spins_casino.txt,cons/lucky_spins_casino.txt,review/lucky_spins_casino.txt
Caibo Casino,https://www.caibo.fun/,"₳, ℬ, ₿, Ƀ, Ξ, Ł, ✕, τ, ₮",100%,€10000.0,€10000,100,1st Deposit Bonus,casino_logos/caibo_casino.webp,7.0,6.8,pros/caibo_casino.txt,cons/caibo_casino.txt,review/caibo_casino.txt
Spinjo Casino,https://www.spinjo.com/,"₳, ℬ, ₿, Ƀ, Ð, Ξ, Ł, ✕, τ, ₮",100%,€1000.0,€1000,100,1st Deposit Bonus,casino_logos/spinjo_casino.webp,7.1,7.5,pros/spinjo_casino.txt,cons/spinjo_casino.txt,review/spinjo_casino.txt
Slota Casino,https://slota.casino/en,"₳, ₿, Ƀ, Ξ, Ł, ₮",100%,€300.0,€300,80,1st Deposit Bonus,casino_logos/slota_casino.webp,0.0,6.8,pros/slota_casino.txt,cons/slota_casino.txt,review/slota_casino.txt
Zipcasino,https://www.zipcasino.com,₿,100%,€1000.0,€1000,50,1st Deposit Bonus,casino_logos/zipcasino.webp,6.6,6.8,pros/zipcasino.txt,cons/zipcasino.txt,review/zipcasino.txt
Shotz Casino,https://www.shotz.com/,₿,100%,€5000.0,€5000,200,Other,casino_logos/shotz_casino.webp,0.0,6.8,pros/shotz_casino.txt,cons/shotz_casino.txt,review/shotz_casino.txt
LunuBet Casino,https://lunubet.com/,"ℬ, ₿, Ð, Ξ, Ł, τ, ₮",100%,€500.0,€500,200,Other,casino_logos/lunubet_casino.webp,6.6,7.2,pros/lunubet_casino.txt,cons/lunubet_casino.txt,review/lunubet_casino.txt
FatPanda Casino,https://fatpandacasino.com/,"ℬ, ₿, Ł, ₮",100%,-,-,200,Other,casino_logos/fatpanda_casino.webp,0.0,6.8,pros/fatpanda_casino.txt,cons/fatpanda_casino.txt,review/fatpanda_casino.txt
Vegasino Casino,https://vegasino.com,₿,100%,€5000.0,€5000,200,Welcome Bonus,casino_logos/vegasino_casino.webp,8.0,6.8,pros/vegasino_casino.txt,cons/vegasino_casino.txt,review/vegasino_casino.txt
11CROCO Casino,https://www.11croco.com/,"₳, ℬ, ₿, Ƀ, Ð, Ξ, Ł, ✕, τ, ₮",130%,€450.0,€585,0,1st Deposit Bonus,casino_logos/11croco_casino.webp,0.0,6.3,pros/11croco_casino.txt,cons/11croco_casino.txt,review/11croco_casino.txt
Nomini Casino,https://nomini.com,"ℬ, ₿, Ƀ, Ξ, Ł, ✕, ₮, ₵",100%,€5000.0,€5000,200,Other,casino_logos/nomini_casino.webp,5.9,6.8,pros/nomini_casino.txt,cons/nomini_casino.txt,review/nomini_casino.txt
Sportaza Casino,https://sportaza.com/en/,₿,100%,€5000.0,€5000,200,Other,casino_logos/sportaza_casino.webp,6.6,6.7,pros/sportaza_casino.txt,cons/sportaza_casino.txt,review/sportaza_casino.txt
Flush Casino,https://flush.com,"₿, Ð, Ξ, Ł",100%,€200.0,€200,0,Other,casino_logos/flush_casino.webp,7.2,6.7,pros/flush_casino.txt,cons/flush_casino.txt,review/flush_casino.txt
MrPacho Casino,https://mrpacho.com/,"₿, Ƀ, Ξ, Ł, ✕, ₮, ₵",100%,€500.0,€500,200,Other,casino_logos/mrpacho_casino.webp,7.2,6.7,pros/mrpacho_casino.txt,cons/mrpacho_casino.txt,review/mrpacho_casino.txt
Nalu Casino,https://nalucasino.io/,"₿, Ƀ, Ξ, Ł, ₮",125%,€400.0,€500,0,1st Deposit Bonus,casino_logos/nalu_casino.webp,1.0,6.7,pros/nalu_casino.txt,cons/nalu_casino.txt,review/nalu_casino.txt
Betti Casino,https://www.betti.com,₿,150%,€750.0,€1125,150,Welcome Bonus,casino_logos/betti_casino.webp,10.0,6.7,pros/betti_casino.txt,cons/betti_casino.txt,review/betti_casino.txt
LetsLucky Casino,https://www.letslucky.com/,"₿, Ƀ, Ξ, ✕, ₮",150%,-,-,100,1st Deposit Bonus,casino_logos/letslucky_casino.webp,4.4,6.7,pros/letslucky_casino.txt,cons/letslucky_casino.txt,review/letslucky_casino.txt
Gamix Casino,https://gamix.vip/,"₿, Ƀ, Ð, Ξ, Ł, τ, ₮",100%,€500.0,€500,10,1st Deposit Bonus,casino_logos/gamix_casino.webp,9.6,6.6,pros/gamix_casino.txt,cons/gamix_casino.txt,review/gamix_casino.txt
DEDPRZ Casino,https://www.dedprz.com/,"ℬ, ₿, Ξ, τ, ₮, ₵",100%,€1000.0,€1000,0,1st Deposit Bonus,casino_logos/dedprz_casino.webp,1.0,5.8,pros/dedprz_casino.txt,cons/dedprz_casino.txt,review/dedprz_casino.txt
Betify Casino,https://betify.com,₿,100%,€1000.0,€1000,100,Other,casino_logos/betify_casino.webp,6.0,6.7,pros/betify_casino.txt,cons/betify_casino.txt,review/betify_casino.txt
Bull Casino,http://www.bullcasino.com/,"₿, Ƀ, Ξ, Ł, ✕, ₮, ₵",200%,€5000.0,€10000,50,Other,casino_logos/bull_casino.webp,7.0,6.7,pros/bull_casino.txt,cons/bull_casino.txt,review/bull_casino.txt
PalmSlots Casino,https://palmslots.com/casino/home,"₿, Ξ, Ł, ₮",100%,€500.0,€500,50,1st Deposit Bonus,casino_logos/palmslots_casino.webp,5.6,6.7,pros/palmslots_casino.txt,cons/palmslots_casino.txt,review/palmslots_casino.txt
Betcoin Casino,https://www.betcoin.ag/,"ℬ, ₿, Ƀ, Ð, Ξ, Ł, ɱ, ✕, ₮, ₵",100%,€25.0,€25,0,Other,casino_logos/betcoin_casino.webp,0.0,6.7,pros/betcoin_casino.txt,cons/betcoin_casino.txt,review/betcoin_casino.txt
Betovix Casino,https://betovix.com/,"ℬ, ₿, Ƀ, Ð, Ξ, ✕, τ, ₮, ₵",150%,€200.0,€300,0,Welcome Bonus,casino_logos/betovix_casino.webp,9.8,7.7,pros/betovix_casino.txt,cons/betovix_casino.txt,review/betovix_casino.txt
Neon54 Casino,https://neon54.com/en/,₿,50%,€1000.0,€500,0,Other,casino_logos/neon54_casino.webp,6.5,6.7,pros/neon54_casino.txt,cons/neon54_casino.txt,review/neon54_casino.txt
Beteum Casino,https://beteum.com/,"₿, Ð, Ł, ₮",100%,€500.0,€500,200,Other,casino_logos/beteum_casino.webp,0.0,7.0,pros/beteum_casino.txt,cons/beteum_casino.txt,review/beteum_casino.txt
OhMySpins Casino,https://ohmyspins.com/en,₿,100%,€500.0,€500,200,Other,casino_logos/ohmyspins_casino.webp,7.8,6.7,pros/ohmyspins_casino.txt,cons/ohmyspins_casino.txt,review/ohmyspins_casino.txt
StakePrix Casino,https://www.stakeprix.com/,"ℬ, ₿, Ƀ, Ð, Ξ, Ł, ɱ, ✕, τ, ₮",100%,€500.0,€500,100,1st Deposit Bonus,casino_logos/stakeprix_casino.webp,0.0,6.7,pros/stakeprix_casino.txt,cons/stakeprix_casino.txt,review/stakeprix_casino.txt
Lamabet Casino,https://www.lamabet.com/,"ℬ, ₿, Ƀ, Ð, Ξ, Ł, ✕, ₮",200%,€1000.0,€2000,200,Other,casino_logos/lamabet_casino.webp,6.7,6.7,pros/lamabet_casino.txt,cons/lamabet_casino.txt,review/lamabet_casino.txt
Lucky Whale Casino,https://www.luckywhalecasino.com/,"₳, ℬ, ₿, Ƀ, Ð, Ξ, Ł, ✕, τ, ₮",125%,€1500.0,€1875,125,Welcome Bonus,casino_logos/lucky_whale_casino.webp,8.0,5.2,pros/lucky_whale_casino.txt,cons/lucky_whale_casino.txt,review/lucky_whale_casino.txt
TikTak Bet Casino,https://tiktakbet.com/,₿,150%,€1000.0,€1500,0,1st Deposit Bonus,casino_logos/tiktak_bet_casino.webp,0.0,7.5,pros/tiktak_bet_casino.txt,cons/tiktak_bet_casino.txt,review/tiktak_bet_casino.txt
Casinoly Casino,https://casinoly.com/en/,₿,100%,€500.0,€500,200,Other,casino_logos/casinoly_casino.webp,6.2,6.5,pros/casinoly_casino.txt,cons/casinoly_casino.txt,review/casinoly_casino.txt
CryptoLeo Casino,https://cryptoleo.com,"₳, ℬ, ₿, Ð, Ξ, Ł, ✕, τ, ₮, ₵",100%,€2500.0,€2500,100,Welcome Bonus,casino_logos/cryptoleo_casino.webp,8.1,6.1,pros/cryptoleo_casino.txt,cons/cryptoleo_casino.txt,review/cryptoleo_casino.txt
Joker8 Casino,https://joker8.com/,"₿, Ð, Ξ, Ł, τ, ₮",100%,€500.0,€500,0,1st Deposit Bonus,casino_logos/joker8_casino.webp,0.0,6.7,pros/joker8_casino.txt,cons/joker8_casino.txt,review/joker8_casino.txt
BetRunner Casino,https://www.betrunner.com/,"₿, Ƀ, Ð, Ξ, Ł, ✕, τ, ₮, ₵",200%,€10000.0,€20000,50,Other,casino_logos/betrunner_casino.webp,9.4,8.3,pros/betrunner_casino.txt,cons/betrunner_casino.txt,review/betrunner_casino.txt
Cadoola Casino,https://cadoola.com/en/,"₿, Ƀ, Ξ, Ł, ✕, ₮, ₵",120%,€240.0,€288,100,1st Deposit Bonus,casino_logos/cadoola_casino.webp,4.8,6.7,pros/cadoola_casino.txt,cons/cadoola_casino.txt,review/cadoola_casino.txt
Thunderpick Casino,https://thunderpick.io,"ℬ, ₿, Ƀ, Ð, Ξ, Ł, ✕, τ, ₮, ₵",100%,€2000.0,€2000,0,Other,casino_logos/thunderpick_casino.webp,6.0,6.7,pros/thunderpick_casino.txt,cons/thunderpick_casino.txt,review/thunderpick_casino.txt
Wildsino Casino,https://wildsino.com/,"₿, Ð, Ł, ₮",125%,€450.0,€562,200,Other,casino_logos/wildsino_casino.webp,7.3,7.0,pros/wildsino_casino.txt,cons/wildsino_casino.txt,review/wildsino_casino.txt
HeroSpin Casino,https://herospin.com/,"₿, Ƀ, Ξ, Ł, ✕, ₮, ₵",100%,€500.0,€500,200,Other,casino_logos/herospin_casino.webp,0.0,6.2,pros/herospin_casino.txt,cons/herospin_casino.txt,review/herospin_casino.txt
Betnox Casino,https://www.bet-nox.com,₿,100%,€200.0,€200,0,1st Deposit Bonus,casino_logos/betnox_casino.webp,8.4,6.7,pros/betnox_casino.txt,cons/betnox_casino.txt,review/betnox_casino.txt
JoyCasino,http://joycasino.com,"₿, Ξ, Ł, ✕, ₮, ₵",200%,€50.0,€100,0,1st Deposit Bonus,casino_logos/joycasino.webp,5.8,6.9,pros/joycasino.txt,cons/joycasino.txt,review/joycasino.txt
Merlin Casino,https://www.merlincasino.com/,₿,120%,€240.0,€288,100,1st Deposit Bonus,casino_logos/merlin_casino.webp,1.0,6.6,pros/merlin_casino.txt,cons/merlin_casino.txt,review/merlin_casino.txt
Raze Casino,https://www.raze.bet/,"₿, Ƀ, Ð, Ξ, Ł, ✕, τ, ₮",300%,€300.0,€900,0,1st Deposit Bonus,casino_logos/raze_casino.webp,8.0,6.7,pros/raze_casino.txt,cons/raze_casino.txt,review/raze_casino.txt
Lemon Casino,https://lemon.casino,"₿, Ƀ, Ð, Ξ, Ł",100%,€300.0,€300,100,Other,casino_logos/lemon_casino.webp,7.0,6.6,pros/lemon_casino.txt,cons/lemon_casino.txt,review/lemon_casino.txt
Pirate Spot Casino,https://piratespot.com/,"₿, ₮, ₵",100%,€20000.0,€20000,0,1st Deposit Bonus,casino_logos/pirate_spot_casino.webp,9.5,6.6,pros/pirate_spot_casino.txt,cons/pirate_spot_casino.txt,review/pirate_spot_casino.txt
Ninlay Casino,https://ninlay.com/en/,"ℬ, ₿, Ð, Ξ, Ł, ₮, ₵",150%,€500.0,€750,50,Other,casino_logos/ninlay_casino.webp,0.0,6.6,pros/ninlay_casino.txt,cons/ninlay_casino.txt,review/ninlay_casino.txt
Airbet Casino,https://airbet.io/,"₳, ₿, Ƀ, Ð, Ξ, Ł, ✕, τ, ₮, ₵",100%,€400.0,€400,0,1st Deposit Bonus,casino_logos/airbet_casino.webp,5.0,6.6,pros/airbet_casino.txt,cons/airbet_casino.txt,review/airbet_casino.txt
Lucky Vibe Casino,https://www.luckyvibe.com/,"₳, ℬ, ₿, Ƀ, Ð, Ξ, Ł, ✕, τ, ₮",100%,€1000.0,€1000,100,1st Deposit Bonus,casino_logos/lucky_vibe_casino.webp,5.5,7.5,pros/lucky_vibe_casino.txt,cons/lucky_vibe_casino.txt,review/lucky_vibe_casino.txt
National Casino,https://nationalcasino.com/,₿,100%,-,-,100,1st Deposit Bonus,casino_logos/national_casino.webp,9.0,6.5,pros/national_casino.txt,cons/national_casino.txt,review/national_casino.txt
BillyBets Casino,https://billybets.com/en/,"₿, Ð, Ł, ₮",100%,€500.0,€500,200,Other,casino_logos/billybets_casino.webp,5.5,6.6,pros/billybets_casino.txt,cons/billybets_casino.txt,review/billybets_casino.txt
4Kasino Casino,https://4kasino.com/,"₿, Ƀ, Ξ, Ł, ₮",80%,€500.0,€400,0,Welcome Bonus,casino_logos/4kasino_casino.webp,0.0,7.0,pros/4kasino_casino.txt,cons/4kasino_casino.txt,review/4kasino_casino.txt
Rollino Casino,https://rollino.co/en,"₿, Ð, Ξ, Ł, τ, ₮",200%,€10000.0,€20000,100,1st Deposit Bonus,casino_logos/rollino_casino.webp,3.9,6.5,pros/rollino_casino.txt,cons/rollino_casino.txt,review/rollino_casino.txt
Boomerang-bet Casino,https://boomerang.bet,"₳, ℬ, ₿, Ƀ, Ð, Ξ, Ł, ✕, τ, ₮",20%,-,-,0,Cashback Bonus,casino_logos/boomerang-bet_casino.webp,4.0,1.0,pros/boomerang-bet_casino.txt,cons/boomerang-bet_casino.txt,review/boomerang-bet_casino.txt
Gizbo Casino,https://gizbo.casino/,"ℬ, ₿, Ƀ, Ð, Ξ, Ł, ✕, τ, ₮",50%,€300.0,€150,0,1st Deposit Bonus,casino_logos/gizbo_casino.webp,5.5,7.8,pros/gizbo_casino.txt,cons/gizbo_casino.txt,review/gizbo_casino.txt
Betzino Casino,https://www.betzino.com/en,"₿, Ξ",100%,€150.0,€150,0,1st Deposit Bonus,casino_logos/betzino_casino.webp,0.0,6.6,pros/betzino_casino.txt,cons/betzino_casino.txt,review/betzino_casino.txt
Voltslot Casino,https://voltslot.com,₿,100%,€2000.0,€2000,100,1st Deposit Bonus,casino_logos/voltslot_casino.webp,5.7,6.6,pros/voltslot_casino.txt,cons/voltslot_casino.txt,review/voltslot_casino.txt
GoralBet Casino,https://goralbet.com/,"₿, Ƀ, Ð, Ξ, Ł, ✕, τ, ₮",100%,€500.0,€500,100,Welcome Bonus,casino_logos/goralbet_casino.webp,0.0,6.6,pros/goralbet_casino.txt,cons/goralbet_casino.txt,review/goralbet_casino.txt
DundeeSlots Casino,https://www.dundeeslots.com/,"₿, ₮",100%,€200.0,€200,100,1st Deposit Bonus,casino_logos/dundeeslots_casino.webp,8.0,6.6,pros/dundeeslots_casino.txt,cons/dundeeslots_casino.txt,review/dundeeslots_casino.txt
Queen Casino,https://shinqueen.com/,"₳, ₿, Ð, Ξ, Ł, ✕, τ, ₮",100%,€2000.0,€2000,0,1st Deposit Bonus,casino_logos/queen_casino.webp,0.0,6.6,pros/queen_casino.txt,cons/queen_casino.txt,review/queen_casino.txt
Spinsy Casino,https://spinsy.com/,"₿, Ð, Ł, ₮",100%,€500.0,€500,200,Other,casino_logos/spinsy_casino.webp,2.8,4.1,pros/spinsy_casino.txt,cons/spinsy_casino.txt,review/spinsy_casino.txt
Coolzino Casino,https://coolzino.com/,₿,100%,€150.0,€150,150,1st Deposit Bonus,casino_logos/coolzino_casino.webp,7.8,6.9,pros/coolzino_casino.txt,cons/coolzino_casino.txt,review/coolzino_casino.txt
Golden Panda Casino,https://www.goldenpanda.com/,"₳, ₿, Ƀ, Ð, Ξ, Ł, ✕, τ, ₮, ₵",200%,€7500.0,€15000,0,Welcome Bonus,casino_logos/golden_panda_casino.webp,0.0,7.5,pros/golden_panda_casino.txt,cons/golden_panda_casino.txt,review/golden_panda_casino.txt
24Slots Casino,https://24slots.com/,₿,100%,€200.0,€200,0,1st Deposit Bonus,casino_logos/24slots_casino.webp,5.0,6.6,pros/24slots_casino.txt,cons/24slots_casino.txt,review/24slots_casino.txt
Winwin Casino,https://winwin.bet,"₳, ℬ, ₿, Ƀ, Ð, Ξ, Ł, ✕, τ, ₮, ₵",100%,€300.0,€300,0,1st Deposit Bonus,casino_logos/winwin_casino.webp,0.0,6.5,pros/winwin_casino.txt,cons/winwin_casino.txt,review/winwin_casino.txt
Playmoola Casino,https://playmoola.com/,"₿, Ƀ, Ð, Ξ, Ł, ₮",150%,€1000.0,€1500,200,1st Deposit Bonus,casino_logos/playmoola_casino.webp,0.0,6.6,pros/playmoola_casino.txt,cons/playmoola_casino.txt,review/playmoola_casino.txt
Slottyway Casino,https://slottyway.com/en,₿,200%,€1000.0,€2000,0,1st Deposit Bonus,casino_logos/slottyway_casino.webp,4.8,6.6,pros/slottyway_casino.txt,cons/slottyway_casino.txt,review/slottyway_casino.txt
Yoju Casino,https://yoju.casino/,"₳, ₿, Ƀ, Ð, Ξ, Ł, τ, ₮",100%,€250.0,€250,75,1st Deposit Bonus,casino_logos/yoju_casino.webp,9.3,6.6,pros/yoju_casino.txt,cons/yoju_casino.txt,review/yoju_casino.txt
Sportuna Casino,https://sportuna.com,₿,110%,€660.0,€726,220,Other,casino_logos/sportuna_casino.webp,5.5,6.6,pros/sportuna_casino.txt,cons/sportuna_casino.txt,review/sportuna_casino.txt
Gxmble Casino,https://gxmble.com/,"₿, Ξ, Ł, ₮",200%,€500.0,€1000,0,1st Deposit Bonus,casino_logos/gxmble_casino.webp,6.0,6.8,pros/gxmble_casino.txt,cons/gxmble_casino.txt,review/gxmble_casino.txt
Bdmbet Casino,https://bdmbet.com/,"₿, Ð, Ξ, Ł, ₮",100%,€150.0,€150,150,1st Deposit Bonus,casino_logos/bdmbet_casino.webp,0.0,6.6,pros/bdmbet_casino.txt,cons/bdmbet_casino.txt,review/bdmbet_casino.txt
Lucky Crypto Casino,https://theluckycrypto.com,₿,139%,-,-,59,Other,casino_logos/lucky_crypto_casino.webp,10.0,6.5,pros/lucky_crypto_casino.txt,cons/lucky_crypto_casino.txt,review/lucky_crypto_casino.txt
Tiki Casino,https://tikicasino.com/,"₿, Ð, Ł",100%,€5000.0,€5000,200,Other,casino_logos/tiki_casino.webp,0.0,6.6,pros/tiki_casino.txt,cons/tiki_casino.txt,review/tiki_casino.txt
Crusino Casino,https://www.crusino.com/,"₿, Ƀ, Ð, Ξ, Ł, ₮",100%,€1000.0,€1000,100,1st Deposit Bonus,casino_logos/crusino_casino.webp,1.5,7.3,pros/crusino_casino.txt,cons/crusino_casino.txt,review/crusino_casino.txt
FEZbet Casino,https://fezbet.com/en/,₿,100%,€100.0,€100,0,Other,casino_logos/fezbet_casino.webp,5.5,6.5,pros/fezbet_casino.txt,cons/fezbet_casino.txt,review/fezbet_casino.txt
PlayZilla Casino,https://playzilla.com,₿,100%,€500.0,€500,200,Other,casino_logos/playzilla_casino.webp,6.7,6.5,pros/playzilla_casino.txt,cons/playzilla_casino.txt,review/playzilla_casino.txt
SlotsPalace Casino,https://slotspalace.com,₿,100%,€500.0,€500,0,1st Deposit Bonus,casino_logos/slotspalace_casino.webp,4.5,6.5,pros/slotspalace_casino.txt,cons/slotspalace_casino.txt,review/slotspalace_casino.txt
Kikobet Casino,https://www.kikobet.com/,"Ξ, Ł, ₮",100%,€100.0,€100,0,1st Deposit Bonus,casino_logos/kikobet_casino.webp,0.0,6.5,pros/kikobet_casino.txt,cons/kikobet_casino.txt,review/kikobet_casino.txt
Casino Mustang,https://www.casinomustang.com/,"₿, Ð, Ξ, Ł, τ, ₮, ₵",100%,€500.0,€500,30,Welcome Bonus,casino_logos/casino_mustang.webp,0.0,6.1,pros/casino_mustang.txt,cons/casino_mustang.txt,review/casino_mustang.txt
RoboCat Casino,https://robocat.com/,"₿, Ƀ, Ð, Ξ, Ł, ✕, ₮, ₵",100%,€500.0,€500,200,Welcome Bonus,casino_logos/robocat_casino.webp,2.0,5.5,pros/robocat_casino.txt,cons/robocat_casino.txt,review/robocat_casino.txt
JVSPINBET Casino,https://jvspin.com/,"₳, ₿, Ƀ, Ð, Ξ, Ł, ɱ, ✕, τ, ₮, ₵",100%,€300.0,€300,30,1st Deposit Bonus,casino_logos/jvspinbet_casino.webp,2.3,6.5,pros/jvspinbet_casino.txt,cons/jvspinbet_casino.txt,review/jvspinbet_casino.txt
Spinnalot Casino,https://spinnalot.com,₿,100%,-,-,100,1st Deposit Bonus,casino_logos/spinnalot_casino.webp,1.0,6.5,pros/spinnalot_casino.txt,cons/spinnalot_casino.txt,review/spinnalot_casino.txt
21 Bets Casino,https://21bets.com,"₿, Ƀ, Ξ, Ł, ₮",120%,-,-,0,Other,casino_logos/21_bets_casino.webp,2.0,6.5,pros/21_bets_casino.txt,cons/21_bets_casino.txt,review/21_bets_casino.txt
Vinyl Casino,https://vinylcasino.com/,₿,100%,€500.0,€500,200,Other,casino_logos/vinyl_casino.webp,0.0,6.5,pros/vinyl_casino.txt,cons/vinyl_casino.txt,review/vinyl_casino.txt
30Bet Casino,https://www.30bet.com/,₿,100%,€500.0,€500,50,1st Deposit Bonus,casino_logos/30bet_casino.webp,0.0,6.5,pros/30bet_casino.txt,cons/30bet_casino.txt,review/30bet_casino.txt
Winsane Casino,https://www.winsane.com,₿,100%,€1000.0,€1000,50,Other,casino_logos/winsane_casino.webp,5.0,6.5,pros/winsane_casino.txt,cons/winsane_casino.txt,review/winsane_casino.txt
Betzard Casino,https://betzard.com/,₿,100%,€300.0,€300,100,1st Deposit Bonus,casino_logos/betzard_casino.webp,0.0,6.5,pros/betzard_casino.txt,cons/betzard_casino.txt,review/betzard_casino.txt
Tornadobet Casino,https://www.tornadobet.com/,"Ξ, Ł, ₮",100%,€200.0,€200,0,1st Deposit Bonus,casino_logos/tornadobet_casino.webp,0.0,6.5,pros/tornadobet_casino.txt,cons/tornadobet_casino.txt,review/tornadobet_casino.txt
Playio Casino,https://playio.com/,₿,100%,€500.0,€500,200,Other,casino_logos/playio_casino.webp,8.0,6.3,pros/playio_casino.txt,cons/playio_casino.txt,review/playio_casino.txt
SpellWin Casino,https://spellwin.com/,₿,110%,€750.0,€825,75,1st Deposit Bonus,casino_logos/spellwin_casino.webp,0.0,7.3,pros/spellwin_casino.txt,cons/spellwin_casino.txt,review/spellwin_casino.txt
321Crypto Casino,https://www.321cryptocasino.com/,"₿, Ƀ, Ð, Ξ, Ł, ɱ, ✕, τ, ₮",100%,-,-,15,Other,casino_logos/321crypto_casino.webp,7.0,6.5,pros/321crypto_casino.txt,cons/321crypto_casino.txt,review/321crypto_casino.txt
Lucky Ones Casino,https://www.luckyones.com/,"₳, ℬ, ₿, Ƀ, Ð, Ξ, Ł, ✕, τ, ₮",150%,-,-,200,1st Deposit Bonus,casino_logos/lucky_ones_casino.webp,4.3,6.5,pros/lucky_ones_casino.txt,cons/lucky_ones_casino.txt,review/lucky_ones_casino.txt
8xwins Casino,https://8xwins.com/,"₿, Ƀ, Ξ, Ł, ✕, ₮, ₵",100%,-,-,20,Other,casino_logos/8xwins_casino.webp,0.0,6.5,pros/8xwins_casino.txt,cons/8xwins_casino.txt,review/8xwins_casino.txt
Wild Tokyo Casino,https://wildtokyo.com/,"₳, ₿, Ƀ, Ð, Ξ, Ł, ₮",100%,€150.0,€150,100,1st Deposit Bonus,casino_logos/wild_tokyo_casino.webp,2.8,6.4,pros/wild_tokyo_casino.txt,cons/wild_tokyo_casino.txt,review/wild_tokyo_casino.txt
Queenspins Casino,https://www.queenspins.com/,₿,100%,€200.0,€200,0,1st Deposit Bonus,casino_logos/queenspins_casino.webp,4.3,6.4,pros/queenspins_casino.txt,cons/queenspins_casino.txt,review/queenspins_casino.txt
GGbet Casino,https://gg.bet/,₿,100%,€1500.0,€1500,75,1st Deposit Bonus,casino_logos/ggbet_casino.webp,8.4,6.7,pros/ggbet_casino.txt,cons/ggbet_casino.txt,review/ggbet_casino.txt
CasinoSecret,https://www.casinosecret.com,₿,50%,€500.0,€250,0,Cashback Bonus,casino_logos/casinosecret.webp,5.6,6.4,pros/casinosecret.txt,cons/casinosecret.txt,review/casinosecret.txt
CasinoJAX,https://www.casinojax.com/,"₿, Ƀ, Ð, Ξ, Ł, ₮",100%,€2000.0,€2000,100,1st Deposit Bonus,casino_logos/casinojax.webp,6.8,6.4,pros/casinojax.txt,cons/casinojax.txt,review/casinojax.txt
LuckyBay Casino,https://www.luckybay.io,"₿, Ƀ, Ð, Ξ, Ł, ₮",150%,€8000.0,€12000,200,1st Deposit Bonus,casino_logos/luckybay_casino.webp,1.0,6.4,pros/luckybay_casino.txt,cons/luckybay_casino.txt,review/luckybay_casino.txt
LibraBet Casino,http://www.librabet.com,"₿, Ð, Ł, ₮",100%,€500.0,€500,200,Other,casino_logos/librabet_casino.webp,5.1,6.4,pros/librabet_casino.txt,cons/librabet_casino.txt,review/librabet_casino.txt
Kingmaker Casino,https://kingmaker.com,₿,100%,€500.0,€500,25,Other,casino_logos/kingmaker_casino.webp,4.8,6.4,pros/kingmaker_casino.txt,cons/kingmaker_casino.txt,review/kingmaker_casino.txt
Betfree Casino,http://betfree.com/,"₿, Ƀ, Ð, Ξ, Ł, ✕, τ, ₮, ₵",100%,€1000.0,€1000,100,Other,casino_logos/betfree_casino.webp,0.0,6.4,pros/betfree_casino.txt,cons/betfree_casino.txt,review/betfree_casino.txt
BetyBet Casino,https://betybet.com/,"₿, Ƀ, Ξ, Ł",100%,-,-,100,Other,casino_logos/betybet_casino.webp,7.0,6.4,pros/betybet_casino.txt,cons/betybet_casino.txt,review/betybet_casino.txt
21bit Casino,https://www.21bit.com,"₿, Ƀ, Ð, Ξ, Ł, ✕, τ, ₮",100%,€150.0,€150,50,1st Deposit Bonus,casino_logos/21bit_casino.webp,2.0,6.4,pros/21bit_casino.txt,cons/21bit_casino.txt,review/21bit_casino.txt
Manga Casino,https://www.mangacasino.com/,"₿, Ξ, Ł, ₮",100%,€100.0,€100,50,1st Deposit Bonus,casino_logos/manga_casino.webp,4.3,6.4,pros/manga_casino.txt,cons/manga_casino.txt,review/manga_casino.txt
Casinonic Casino,https://www.casinonic.com,"₿, Ξ, ₮",-,-,-,0,Other,casino_logos/casinonic_casino.webp,4.5,6.4,pros/casinonic_casino.txt,cons/casinonic_casino.txt,review/casinonic_casino.txt
Slotexo Casino,https://slotexo.com/,₿,100%,€500.0,€500,200,Other,casino_logos/slotexo_casino.webp,0.0,6.4,pros/slotexo_casino.txt,cons/slotexo_casino.txt,review/slotexo_casino.txt
MalinaCasino,https://malinacasino.com/en/,"₿, Ð, Ł, ₮",100%,€500.0,€500,200,Other,casino_logos/malinacasino.webp,5.9,6.1,pros/malinacasino.txt,cons/malinacasino.txt,review/malinacasino.txt
Ritzo Casino,https://ritzo.com/,"₳, ₿, Ƀ, Ξ, Ł, ₮",100%,€200.0,€200,70,1st Deposit Bonus,casino_logos/ritzo_casino.webp,7.0,6.4,pros/ritzo_casino.txt,cons/ritzo_casino.txt,review/ritzo_casino.txt
Slotuna Casino,https://slotuna.com/,"₿, Ð, Ł, ₮",100%,€500.0,€500,200,Other,casino_logos/slotuna_casino.webp,0.0,6.3,pros/slotuna_casino.txt,cons/slotuna_casino.txt,review/slotuna_casino.txt
Fruits4Real Casino,https://fruits4real.com,₿,125%,€125.0,€156,60,1st Deposit Bonus,casino_logos/fruits4real_casino.webp,4.5,6.3,pros/fruits4real_casino.txt,cons/fruits4real_casino.txt,review/fruits4real_casino.txt
Hugo Casino,https://hugocasino.com/,"₳, ₿, Ƀ, Ξ, Ł, ₮",100%,€150.0,€150,100,1st Deposit Bonus,casino_logos/hugo_casino.webp,1.0,6.3,pros/hugo_casino.txt,cons/hugo_casino.txt,review/hugo_casino.txt
Spinrollz Casino,https://spinrollz.com/,₿,100%,€500.0,€500,200,Other,casino_logos/spinrollz_casino.webp,0.0,6.3,pros/spinrollz_casino.txt,cons/spinrollz_casino.txt,review/spinrollz_casino.txt
Gomblingo Casino,https://gomblingo.com/,"₿, Ƀ, Ξ, Ł, ✕, ₮, ₵",100%,€200.0,€200,25,1st Deposit Bonus,casino_logos/gomblingo_casino.webp,1.0,6.3,pros/gomblingo_casino.txt,cons/gomblingo_casino.txt,review/gomblingo_casino.txt
BetCG Casino,https://www.betcasinogames.com/,"ℬ, ₿, Ƀ, Ł, ✕, ₮",100%,€7500.0,€7500,0,1st Deposit Bonus,casino_logos/betcg_casino.webp,0.0,6.3,pros/betcg_casino.txt,cons/betcg_casino.txt,review/betcg_casino.txt
Boaboa Casino,https://boaboa.com/en/,"ℬ, ₿, Ð, Ξ, Ł, ✕, ₮, ₵",100%,€5000.0,€5000,200,Other,casino_logos/boaboa_casino.webp,5.0,6.3,pros/boaboa_casino.txt,cons/boaboa_casino.txt,review/boaboa_casino.txt
Cosmoswin Casino,https://www.cosmoswin.com,"₿, Ð, Ξ, Ł, ₮, ₵",-,-,-,50,Other,casino_logos/cosmoswin_casino.webp,9.1,6.4,pros/cosmoswin_casino.txt,cons/cosmoswin_casino.txt,review/cosmoswin_casino.txt
Olympusbet Casino,https://olympusbet.com/casino/home,"₿, Ƀ, Ξ, Ł, ✕, ₮",100%,€500.0,€500,100,Other,casino_logos/olympusbet_casino.webp,2.0,6.3,pros/olympusbet_casino.txt,cons/olympusbet_casino.txt,review/olympusbet_casino.txt
Reel Crypto Casino,https://www.reelcrypto.com/,"₳, ℬ, ₿, Ƀ, Ð, Ξ, Ł, ✕, τ, ₮",100%,€10000.0,€10000,100,Other,casino_logos/reel_crypto_casino.webp,1.0,6.3,pros/reel_crypto_casino.txt,cons/reel_crypto_casino.txt,review/reel_crypto_casino.txt
Hugewin Casino,https://hugewin.com/,₿,100%,€1000.0,€1000,0,Other,casino_logos/hugewin_casino.webp,2.0,6.3,pros/hugewin_casino.txt,cons/hugewin_casino.txt,review/hugewin_casino.txt
Cazimbo Casino,https://www.cazimbo.com,₿,100%,€400.0,€400,50,1st Deposit Bonus,casino_logos/cazimbo_casino.webp,5.5,6.3,pros/cazimbo_casino.txt,cons/cazimbo_casino.txt,review/cazimbo_casino.txt
NuggetSlots Casino,https://www.nuggetslots.com/,₿,100%,€200.0,€200,0,1st Deposit Bonus,casino_logos/nuggetslots_casino.webp,1.5,6.3,pros/nuggetslots_casino.txt,cons/nuggetslots_casino.txt,review/nuggetslots_casino.txt
Sushi Casino,https://www.sushicasino.com,₿,100%,€1000.0,€1000,50,1st Deposit Bonus,casino_logos/sushi_casino.webp,7.0,6.5,pros/sushi_casino.txt,cons/sushi_casino.txt,review/sushi_casino.txt
ViperWin Casino,https://viperwin.com/,"₿, Ð, Ł, ₮",100%,€5000.0,€5000,200,Other,casino_logos/viperwin_casino.webp,0.0,6.8,pros/viperwin_casino.txt,cons/viperwin_casino.txt,review/viperwin_casino.txt
7Signs Casino,https://7signs.com/en/,₿,100%,€500.0,€500,100,Other,casino_logos/7signs_casino.webp,3.7,6.3,pros/7signs_casino.txt,cons/7signs_casino.txt,review/7signs_casino.txt
GreatWin Casino,https://greatwin.com,"₿, Ƀ, Ξ, Ł, ✕, ₮, ₵",100%,€5000.0,€5000,200,Other,casino_logos/greatwin_casino.webp,6.4,6.3,pros/greatwin_casino.txt,cons/greatwin_casino.txt,review/greatwin_casino.txt
Hexabet Casino,https://hexabet.io/,"₿, Ð, Ξ, Ł, ✕, ₮",100%,€500.0,€500,100,1st Deposit Bonus,casino_logos/hexabet_casino.webp,0.0,6.3,pros/hexabet_casino.txt,cons/hexabet_casino.txt,review/hexabet_casino.txt
Heats Casino,https://www.heatscasino.com/,"₳, ₿, Ƀ, Ð, Ξ, Ł, ✕, τ, ₮, ₵",150%,€1500.0,€2250,0,Welcome Bonus,casino_logos/heats_casino.webp,9.0,8.0,pros/heats_casino.txt,cons/heats_casino.txt,review/heats_casino.txt
Kinbet Casino,https://kinbet.com/en/,"₿, Ƀ, Ð, Ξ, Ł, ✕, ₮, ₵",100%,€1000.0,€1000,200,1st Deposit Bonus,casino_logos/kinbet_casino.webp,0.0,7.1,pros/kinbet_casino.txt,cons/kinbet_casino.txt,review/kinbet_casino.txt
Sultanbet Casino,https://www.sultanbet.com,₿,100%,€2000.0,€2000,0,Other,casino_logos/sultanbet_casino.webp,3.3,6.3,pros/sultanbet_casino.txt,cons/sultanbet_casino.txt,review/sultanbet_casino.txt
Alf Casino,https://alfcasino.com,"ℬ, ₿, Ð, Ξ, Ł, ₮, ₵",120%,€240.0,€288,30,Other,casino_logos/alf_casino.webp,4.7,6.2,pros/alf_casino.txt,cons/alf_casino.txt,review/alf_casino.txt
Slotit Casino,https://www.slotit.com/,"₳, ₿, Ƀ, Ξ, Ł, ✕, τ, ₮",15%,-,-,0,Cashback Bonus,casino_logos/slotit_casino.webp,1.0,6.7,pros/slotit_casino.txt,cons/slotit_casino.txt,review/slotit_casino.txt
FlukyOne Casino,https://www.flukyone.com,₿,200%,€1500.0,€3000,20,Other,casino_logos/flukyone_casino.webp,0.0,6.2,pros/flukyone_casino.txt,cons/flukyone_casino.txt,review/flukyone_casino.txt
Luckyhand Casino,https://luckyhandcasino.com/,"₿, Ð, Ξ, Ł, ₮",100%,€300.0,€300,0,1st Deposit Bonus,casino_logos/luckyhand_casino.webp,9.0,6.2,pros/luckyhand_casino.txt,cons/luckyhand_casino.txt,review/luckyhand_casino.txt
CryptoWild Casino,https://www.cryptowild.com,"₿, Ƀ, Ð, Ξ, Ł, ₮",150%,€1.0,€2,150,1st Deposit Bonus,casino_logos/cryptowild_casino.webp,6.7,6.2,pros/cryptowild_casino.txt,cons/cryptowild_casino.txt,review/cryptowild_casino.txt
Bingo Cafe Casino,https://www.bingocafe.com,₿,100%,€300.0,€300,0,Other,casino_logos/bingo_cafe_casino.webp,0.0,6.2,pros/bingo_cafe_casino.txt,cons/bingo_cafe_casino.txt,review/bingo_cafe_casino.txt
Cryptoboss Casino,https://cryptobosscasino.com,₿,175%,-,-,0,1st Deposit Bonus,casino_logos/cryptoboss_casino.webp,4.8,6.2,pros/cryptoboss_casino.txt,cons/cryptoboss_casino.txt,review/cryptoboss_casino.txt
Bonanzino Casino,https://www.bonanzino.com/,"ℬ, ₿, Ƀ, Ð, Ξ, Ł, ₮, ₵",150%,-,-,250,1st Deposit Bonus,casino_logos/bonanzino_casino.webp,1.3,5.2,pros/bonanzino_casino.txt,cons/bonanzino_casino.txt,review/bonanzino_casino.txt
Twin Casino,https://twin.com,"ℬ, ₿, Ξ, Ł, τ, ₮",100%,€300.0,€300,0,Other,casino_logos/twin_casino.webp,7.3,6.4,pros/twin_casino.txt,cons/twin_casino.txt,review/twin_casino.txt
Excitewin Casino,https://excitewin.com/,"₿, Ƀ, Ξ, Ł, ✕, ₮",100%,€500.0,€500,200,Other,casino_logos/excitewin_casino.webp,1.0,6.2,pros/excitewin_casino.txt,cons/excitewin_casino.txt,review/excitewin_casino.txt
PowBet Casino,https://powbet.com/en/,₿,100%,€500.0,€500,200,Other,casino_logos/powbet_casino.webp,8.6,6.6,pros/powbet_casino.txt,cons/powbet_casino.txt,review/powbet_casino.txt
Bombastic Casino,https://bombastic.com/,"ℬ, ₿, Ƀ, Ð, Ξ, Ł, ✕, τ, ₮",100%,€5000.0,€5000,0,1st Deposit Bonus,casino_logos/bombastic_casino.webp,1.0,6.2,pros/bombastic_casino.txt,cons/bombastic_casino.txt,review/bombastic_casino.txt
GoldSpin Casino,https://www.goldspin.com/,"₳, ₿, Ƀ, Ð, Ξ, Ł, ✕, ₮, ₵",100%,€1500.0,€1500,100,1st Deposit Bonus,casino_logos/goldspin_casino.webp,4.7,6.4,pros/goldspin_casino.txt,cons/goldspin_casino.txt,review/goldspin_casino.txt
Winshark Casino,https://winshark.com/,"₿, Ƀ, Ξ, Ł, ₮",100%,€150.0,€150,0,1st Deposit Bonus,casino_logos/winshark_casino.webp,2.0,6.2,pros/winshark_casino.txt,cons/winshark_casino.txt,review/winshark_casino.txt
Lucky Koala Casino,https://luckykoala.com/,₿,100%,€250.0,€250,50,1st Deposit Bonus,casino_logos/lucky_koala_casino.webp,4.5,6.2,pros/lucky_koala_casino.txt,cons/lucky_koala_casino.txt,review/lucky_koala_casino.txt
Helabet Casino,https://helabet.com,₿,100%,€300.0,€300,30,1st Deposit Bonus,casino_logos/helabet_casino.webp,0.0,6.0,pros/helabet_casino.txt,cons/helabet_casino.txt,review/helabet_casino.txt
HitNSpin Casino,https://hitnspin.com/,₿,100%,€300.0,€300,100,1st Deposit Bonus,casino_logos/hitnspin_casino.webp,4.0,6.2,pros/hitnspin_casino.txt,cons/hitnspin_casino.txt,review/hitnspin_casino.txt
Bettilt Casino,https://www.bettilt.com/,"₿, Ξ, Ł, ✕, ₮",100%,-,-,50,Other,casino_logos/bettilt_casino.webp,3.0,6.1,pros/bettilt_casino.txt,cons/bettilt_casino.txt,review/bettilt_casino.txt
Casino Together,https://www.casinotogether.com,₿,100%,€300.0,€300,100,Other,casino_logos/casino_together.webp,6.0,6.1,pros/casino_together.txt,cons/casino_together.txt,review/casino_together.txt
Casinado Casino,https://casinado.com/en/,₿,100%,€500.0,€500,200,Other,casino_logos/casinado_casino.webp,0.0,4.7,pros/casinado_casino.txt,cons/casinado_casino.txt,review/casinado_casino.txt
Niyvi Casino,http://niyvi.com/,"ℬ, ₿, Ƀ, Ð, Ξ, Ł, τ, ₮, ₵",100%,€7500.0,€7500,50,Welcome Bonus,casino_logos/niyvi_casino.webp,0.0,7.0,pros/niyvi_casino.txt,cons/niyvi_casino.txt,review/niyvi_casino.txt
JettBet Casino,https://jettbet.com/en,"ℬ, ₿, Ð, Ξ, Ł, τ, ₮",200%,€1000.0,€2000,100,1st Deposit Bonus,casino_logos/jettbet_casino.webp,1.7,6.1,pros/jettbet_casino.txt,cons/jettbet_casino.txt,review/jettbet_casino.txt
Betovo Casino,https://www.betovo.com,₿,100%,€2024.0,€2024,100,Other,casino_logos/betovo_casino.webp,1.0,6.1,pros/betovo_casino.txt,cons/betovo_casino.txt,review/betovo_casino.txt
5Gringos Casino,https://5gringos.com/en/,₿,100%,€500.0,€500,100,Other,casino_logos/5gringos_casino.webp,3.5,6.1,pros/5gringos_casino.txt,cons/5gringos_casino.txt,review/5gringos_casino.txt
Immerion Casino,https://immerion.com/,"ℬ, ₿, Ƀ, Ð, Ξ, Ł, τ, ₮, ₵",200%,€2000.0,€4000,100,1st Deposit Bonus,casino_logos/immerion_casino.webp,9.2,6.4,pros/immerion_casino.txt,cons/immerion_casino.txt,review/immerion_casino.txt
CasaBet Casino,https://casabet.io/en,"₳, ℬ, ₿, Ð, Ξ, Ł, ✕, ₮, ₵",100%,€500.0,€500,100,1st Deposit Bonus,casino_logos/casabet_casino.webp,0.0,7.0,pros/casabet_casino.txt,cons/casabet_casino.txt,review/casabet_casino.txt
